pecha_id,batch,ann_id,raw_start,raw_end,start,end,action,n_merged,dropped,reason
I001D528B,new,503c46b3477d42c4b7c0813eed520a8d,160,259,160,259,keep,1,False,
I001D528B,new,a1441f6b098644a5aec20ab6964df9bc,261,299,261,299,keep,1,False,
I001D528B,new,cd0e807fd86d498088228882c88a50de,4415,4447,4415,4447,keep,1,False,
I001D528B,new,0259071c6958445dbfe8e27289a420bf,9561,9592,9561,9592,keep,1,False,
I001D528B,new,46a47bb181bf4ac7b182bcb5aa9b6365,15292,15328,15292,15328,keep,1,False,
I001D528B,new,b4eada4f3cd941a293512b1cad5d118c,21065,21084,21065,21084,keep,1,False,
I001D528B,new,50eacd49f81745d8929401c663929a09,22341,22365,22341,22365,keep,1,False,
I001D528B,new,0373a657dade4252b1ffde14cae075ce,29412,29468,29412,29468,keep,1,False,
I001D528B,new,b53b9c87f2864a2e8c838cb08b179ecf,39889,39928,39889,39928,keep,1,False,
I001D528B,new,775adae33d5c4f5fa240012fdb167987,47909,47950,47909,47950,keep,1,False,
I001D528B,new,fadeb02760b3429b971c973b37e52bfe,60112,60147,60112,60147,keep,1,False,
I001D528B,new,5821faa1692b4f82928f143186c0b45e,75323,75376,75323,75376,keep,1,False,
I001D528B,new,8ba7b565e3584569b4ef852cad9fa5e1,78266,78295,78266,78295,keep,1,False,
I001D528B,new,6474cf306b52450e9981777105d35f5d,81337,81384,81337,81384,keep,1,False,
I001D528B,new,6af7eca3d4cc4a1cb1f3ade5e0df1df3,119834,119862,119834,119862,keep,1,False,
I001D528B,new,a272b871859c4bada779817a2a669be8,130786,130818,130786,130818,keep,1,False,
I001D528B,new,9b66b956ef3b47ce800e2a4d41f28136,142484,142542,142484,142542,keep,1,False,
I001D528B,new,70863fbbb6bf411c8fb568bb41777468,156584,156621,156584,156621,keep,1,False,
I001D528B,new,c5a00ad076454c788aafe2d52b081679,165517,165558,165517,165558,keep,1,False,
I001D528B,new,20660df2cd51462c82dd72429ceb2fc7,173636,173686,173636,173686,keep,1,False,
I001D528B,new,7c0d6061135a4744858c5fdcb5390ae6,184101,184148,184101,184148,keep,1,False,
I001D528B,new,cf32579bb7b8489797235eba1da99f34,188944,188982,188944,188982,keep,1,False,
I0156A8B1,new,34403e9a43374d37ae69797a9bc21db3,57,170,57,170,keep,1,False,
I048844DB,new,6a7ca74e65b045269ed847120c7a719d,60,131,60,131,keep,1,False,
I058DD999,new,498f98b8c7c94d9a91113c268a7663eb,128,148,128,148,keep,1,False,
I058DD999,new,9e27cb70ffdc416f81bf061a754d50b9,150,173,150,173,keep,1,False,
I058DD999,new,25fb6385ba494e4b88a068a7273340fe,2535,2592,2535,2592,keep,1,False,
I058DD999,new,25260f658fc245c78cda79a48a70b768,5266,5325,5266,5325,keep,1,False,
I058DD999,new,e89e1eae10654d168848901d7e2ef987,19269,19338,19269,19338,keep,1,False,
I058DD999,new,5a5578fa9abf4769a2ef4094fa637ef7,21153,21186,21153,21186,keep,1,False,
I058DD999,new,ae3c286eee954315bd41083bbfb02976,22602,22625,22602,22625,keep,1,False,
I058DD999,new,143a6d703d2e4c79b949b7445ed17c3c,23942,23985,23942,23985,keep,1,False,
I058DD999,new,80ad4b61ddfe4e5cbc5ea418eb050310,24821,24852,24821,24852,keep,1,False,
I058DD999,new,f14eb8c4fdd34b7d80d58d521f043fd1,25485,25514,25485,25514,keep,1,False,
I058DD999,new,e1080f1fd6144de1a2a00ecab68d5aa6,26339,26361,26339,26361,keep,1,False,
I058DD999,new,5cbea05b55594352b4f200520e8dac2b,26363,26477,26363,26477,keep,1,False,
I058DD999,new,6a193ef4b11c40fa879553e112e74b55,26480,26539,26480,26539,keep,1,False,
I058DD999,new,9916bcdf1bb8431199cb48f38d98fee2,37468,37543,37468,37543,keep,1,False,
I058DD999,new,5d81783dff794d6b86ce174fbc330ea5,45457,45604,45457,45604,keep,1,False,
I058DD999,new,796c550f39d54dfe8f1f7872eceb6851,64438,64484,64438,64484,keep,1,False,
I058DD999,new,ed70042015f14361bb76af90ebfcdb14,74041,74065,74041,74065,keep,1,False,
I058DD999,new,fddba69a65b54250b49449ef2d6287dc,83966,83997,83966,83997,keep,1,False,
I058DD999,new,52b01271e0564eba89f7ff8df774ad77,85159,85183,85159,85183,keep,1,False,
I058DD999,new,3b789437347d45809d217dc3093189ce,85185,85224,85185,85224,keep,1,False,
I058DD999,new,81100b9bb68a4ead880c64736b786cfe,88511,88536,88511,88536,keep,1,False,
I058DD999,new,2b791c487ed24e5282552df381d54bba,90070,90086,90070,90086,keep,1,False,
I058DD999,new,ac7b404cfb5449c2b43cfdd1ce953e78,90559,90576,90559,90576,keep,1,False,
I058DD999,new,45a628713cbb464eb8f1512bc9546d63,91254,91280,91254,91280,keep,1,False,
I058DD999,new,aec91e01c3294384ab7a39148f86ad48,91669,91695,91669,91695,keep,1,False,
I058DD999,new,6b3d4fa76cc14bef8937ce33b19f06ae,103317,103354,103317,103354,keep,1,False,
I058DD999,new,c29e4de2c13c4d38af18a6139907e7ec,103356,103389,103356,103389,keep,1,False,
I058DD999,new,4bc6ad49b78b4d08bf72a45c85651903,125667,125706,125667,125706,keep,1,False,
I058DD999,new,7d93abd4aa3344b3aaa46c3cafd17ea8,134534,134576,134534,134576,keep,1,False,
I058DD999,new,0f37c1f276d946cc87cf27ac64bf469c,139273,139307,139273,139308,end+1,1,False,
I058DD999,new,ab29f9aabed0492d8c65c14a477da575,139309,139336,139309,139336,keep,1,False,
I058DD999,new,8a9b7fd42b9048f7b4706303f70ac228,140516,140557,140516,140557,keep,1,False,
I058DD999,new,7d724f71044c4c2fb6886a88daa1c045,141787,141847,141787,141847,keep,1,False,
I058DD999,new,7da4359471c84132befbf925d02f6648,142995,143113,142995,143113,keep,1,False,
I058DD999,new,169ed4a215b44de6b9e9f545417b049e,145136,145179,145136,145179,keep,1,False,
I058DD999,new,da85acf2af2f4917bb6617b970338a8d,146008,146047,146008,146047,keep,1,False,
I058DD999,new,9bdbc7bf39314815b4024078df2bb143,147013,147042,147013,147042,keep,1,False,
I058DD999,new,04b922350b1b4eeaaf7417b643e6d77f,147542,147571,147542,147571,keep,1,False,
I058DD999,new,8085202f76ff47dfb36c36bfdc84d73e,148332,148474,148332,148474,keep,1,False,
I058DD999,new,a0223e4e02444f6b8f996201d77a2d0c,150363,150420,150363,150420,keep,1,False,
I058DD999,new,71dc54de375342958c63bea54cb2a2bf,151537,151632,151537,151632,keep,1,False,
I058DD999,new,0aa42b8dab054b3fac9563f74a85c9c0,153373,153434,153373,153434,keep,1,False,
I058DD999,new,d1f41883854f4952bf3ef4df53a5f527,155670,155705,155670,155705,keep,1,False,
I058DD999,new,d63aa59e7c574cf4ab297711b1fb7046,156661,156687,156661,156687,keep,1,False,
I058DD999,new,d6ce580284c24b00b86e023143bc2ed2,156689,156711,156689,156711,keep,1,False,
I058DD999,new,333be6e8943640a0857b69d44692feaa,160622,160654,160622,160654,keep,1,False,
I058DD999,new,01a71a9c415143508afd0b60b2fe8712,164073,164101,164073,164101,keep,1,False,
I069801F1,new,178b699c373f403499b015ce2364487a,920,956,920,956,keep,1,False,
I069801F1,new,5ec57a782d4f40b7bf081254299dbde4,13828,13889,13828,13889,keep,1,False,
I069801F1,new,1a4e724c41a84c9f87d82223b0702619,19325,19386,19325,19386,keep,1,False,
I069801F1,new,398ac680b4cc42138ef5ff07dd27405e,28845,28883,28845,28883,keep,1,False,
I069801F1,new,e014409276d84b818b6c394e888b2cc3,39268,39333,39268,39333,keep,1,False,
I069801F1,new,172e62ee2e2b41689311093f066efa79,41735,41791,41735,41791,keep,1,False,
I07240379,new,043e8d3e94ef49d1896cf222571a49d9,111,241,111,241,keep,1,False,
I07240379,new,82dea4da95df48d28b6c85d40370d1bf,274,352,274,352,keep,1,False,
I07240379,new,a930999393e14defb7b4919cab3a25e0,354,427,354,427,keep,1,False,
I07240379,new,03dbb4d36c1746b0ae170998e65892ae,474,580,474,580,keep,1,False,
I07240379,new,3f48f01cc3e1451091101424131630bd,619,675,619,675,keep,1,False,
I07240379,new,419a525312c646b5ac8f2f450744c9fc,708,755,708,755,keep,1,False,
I07240379,new,eb9d56d6bf5242c599c3785037c4b2fa,788,838,788,838,keep,1,False,
I07240379,new,b4d5893c9d8549608414fa8e1b98b13c,868,873,868,874,end+1,1,False,
I07240379,new,6f15f9623198402aacaa613060e21052,3053,3070,3053,3070,keep,1,False,
I07240379,new,86be4dd5860f4de9bab1fa1ef32d991f,9922,10068,9922,10068,keep,1,False,
I07240379,new,4cb381e11ae74e3b896df4b011e804c2,20229,20312,20229,20312,keep,1,False,
I07240379,new,d8c124fff75249cc8d2d0569f2ef03d2,90589,90640,90589,90640,keep,1,False,
I07240379,new,3bed29015b8d470baf703ff7c3b8af9c,99697,99769,99697,99769,keep,1,False,
I07240379,new,80e87704cafe48d68fb251bfd0f82ad6,139327,139344,139327,139345,end+1,1,False,
I07ECF0AE,new,2d8578054d7d48edbf68dbf11ee7a90c,125,135,125,135,keep,1,False,
I07ECF0AE,new,fb14e2a21a304e41b646866d761006df,598,626,598,626,keep,1,False,
I07ECF0AE,new,9a96c8e01ac84966a1d39d63e1767618,4987,4992,4987,4993,end+1,1,False,
I07ECF0AE,new,54618af8eca944d9808f389d9fed8198,5036,5066,5036,5066,keep,1,False,
I07ECF0AE,new,465b029ef1cd46bea5bad400f5f0403e,5068,5099,5068,5099,keep,1,False,
I07ECF0AE,new,efa010a1eab041d78d87ae4bc660a936,5148,5194,5148,5194,keep,1,False,
I07ECF0AE,new,76c05ea6b46e40af8f28c23b0449de4c,5196,5220,5196,5220,keep,1,False,
I07ECF0AE,new,1de5e5b085344661888a59d816fff9c2,5413,5468,5413,5468,keep,1,False,
I07ECF0AE,new,da4c2fdf11ca4cb987a0227008f48049,5470,5485,5470,5485,keep,1,False,
I07ECF0AE,new,cbb4e12153f4432a8bb807f9a6ea74e9,5851,5853,5851,5853,keep,1,False,
I07ECF0AE,new,0df859024ec340baafdf37999e564ee4,7378,7380,7378,7380,keep,1,False,
I07ECF0AE,new,468e197f65fd4b66bf203a68fc3efe7e,7995,7997,7995,7997,keep,1,False,
I07ECF0AE,new,470c0d93c1904701bfc5774b5cb9440f,9362,9364,9362,9364,keep,1,False,
I07ECF0AE,new,d279b30431b54b7fb5846cf54a1c7abe,9914,9916,9914,9916,keep,1,False,
I07ECF0AE,new,87f2a353fc6a4bddb29c20d98d607ec5,10616,10618,10616,10618,keep,1,False,
I07ECF0AE,new,e8b6a16314ad494ea4bddd3c9e91ae16,11243,11245,11243,11245,keep,1,False,
I07ECF0AE,new,3fe81de180444c1abbda42ff01659cf6,11646,11648,11646,11648,keep,1,False,
I07ECF0AE,new,79b878a27be94c76b149afbd720d2896,12478,12480,12478,12480,keep,1,False,
I07ECF0AE,new,8e00189af4e745c48c718c8a891630bd,13486,13488,13486,13488,keep,1,False,
I07ECF0AE,new,1cb38b79c05642a88a525d04e2f8a673,14031,14033,14031,14033,keep,1,False,
I07ECF0AE,new,c8691b207cd047d9a660eec0d8a3f7b8,14998,15000,14998,15000,keep,1,False,
I07ECF0AE,new,ef0cb57024434fe18e9023a24c39fdee,15700,15702,15700,15702,keep,1,False,
I07ECF0AE,new,f45c8a752fe54329a2248d7d76d60280,16183,16185,16183,16185,keep,1,False,
I07ECF0AE,new,acd155d26d0c4a0f8fa047367c4bd4ef,16843,16845,16843,16845,keep,1,False,
I07ECF0AE,new,191ae6cc6018496c87c1f59fb7e9c757,17220,17222,17220,17222,keep,1,False,
I07ECF0AE,new,9092b671380d464ebd5ef41c68e92b95,17759,17761,17759,17761,keep,1,False,
I07ECF0AE,new,b920fa0d5eac43e58f1f8957e9cd30e7,18557,18559,18557,18559,keep,1,False,
I07ECF0AE,new,3d26d9ce84de4a03b9e584cda5f900f7,19138,19140,19138,19140,keep,1,False,
I07ECF0AE,new,2a70ca3ffd4b4e67b616ab871c0c3de8,19487,19489,19487,19489,keep,1,False,
I07ECF0AE,new,ef7d851259d34e53a4ed3c1a8f60ba93,19568,19570,19568,19570,keep,1,False,
I07ECF0AE,new,b163458aea1f43a191c57444f1ae4d14,20088,20090,20088,20090,keep,1,False,
I07ECF0AE,new,875fc6c972504b27b2d0880aa4bc9971,20567,20569,20567,20569,keep,1,False,
I07ECF0AE,new,28f322bdc57c4d33a923a2ba37cc42c7,20632,20634,20632,20634,keep,1,False,
I07ECF0AE,new,e020a4fd4be14596921fe247bbc0d714,20838,20840,20838,20840,keep,1,False,
I07ECF0AE,new,72c48ddf30244dee99c2dd614d3ed701,20983,20985,20983,20985,keep,1,False,
I07ECF0AE,new,0e387cb23a1643569157efe2e8c787a6,21090,21092,21090,21092,keep,1,False,
I07ECF0AE,new,c8df0716f1e74561ba62938f97ceac73,21511,21513,21511,21513,keep,1,False,
I07ECF0AE,new,c36d53751c24476d9aff51e98c2cbc33,22424,22426,22424,22426,keep,1,False,
I07ECF0AE,new,e6341399225b406e9800507b53857350,22602,22604,22602,22604,keep,1,False,
I07ECF0AE,new,35787027f06e4986bb1dd5d9999e826a,22746,22762,22746,22762,keep,1,False,
I07ECF0AE,new,ad8093ef6bd6482b835409637acb8f03,24384,24400,24384,24400,keep,1,False,
I07ECF0AE,new,fd0b81c435714e94ab061d3312f57582,28442,28504,28442,28504,keep,1,False,
I07ECF0AE,new,37ea9f18aa9b497baf7e2f6d28523e11,32619,32621,32619,32621,keep,1,False,
I07ECF0AE,new,0a647f45f06648f59204a9e465361632,36411,36413,36411,36413,keep,1,False,
I07ECF0AE,new,53c1659908354c80b9e318f0158d1c51,37787,37789,37787,37789,keep,1,False,
I07ECF0AE,new,e827bbffb9674effae47072de2703e80,40967,40969,40967,40969,keep,1,False,
I07ECF0AE,new,e8fe92e2a1934d4b8fec889eb3d6df53,41968,41970,41968,41970,keep,1,False,
I07ECF0AE,new,2136f0df43fd475581fc2b7991e7ecc8,43272,43274,43272,43274,keep,1,False,
I07ECF0AE,new,7e1c020bf22a4401b5ed0ee350d4dd84,44546,44548,44546,44548,keep,1,False,
I07ECF0AE,new,06566552eca3463e9a651b4f05da1ade,45320,45322,45320,45322,keep,1,False,
I07ECF0AE,new,1f24901d91aa4e35a8e28e43c6964533,47023,47025,47023,47025,keep,1,False,
I07ECF0AE,new,0de3b65770d54e9f856ff833f6dfe146,48867,48869,48867,48869,keep,1,False,
I07ECF0AE,new,2ff7ebc3c02c43f2be8f8b939086f35d,50036,50038,50036,50038,keep,1,False,
I07ECF0AE,new,e9acf794b95f4f80b6369ceda17f4e9f,52057,52059,52057,52059,keep,1,False,
I07ECF0AE,new,a442194d73284f9d8b70448a77d7ee9c,53318,53320,53318,53320,keep,1,False,
I07ECF0AE,new,0cdc60f7f1af4a27871e44fe1138a4cd,54297,54299,54297,54299,keep,1,False,
I07ECF0AE,new,08c0b5c1432144919f4a148d4c8025be,55834,55836,55834,55836,keep,1,False,
I07ECF0AE,new,7fa7b70d15e64a31bd6977b1195ee2e1,56878,56880,56878,56880,keep,1,False,
I07ECF0AE,new,fd34ba920f6442afb8334e59c6d631af,57939,57941,57939,57941,keep,1,False,
I07ECF0AE,new,86b9e5abafbf473f883cfcd9e5591f07,59322,59324,59322,59324,keep,1,False,
I07ECF0AE,new,b5adfbc4dc3c41c68e54b97d6d2bc80b,60356,60358,60356,60358,keep,1,False,
I07ECF0AE,new,8bca3146344d49ba97df5dd6cc830ee6,60916,60918,60916,60918,keep,1,False,
I07ECF0AE,new,ff383475430c4b7592b250e0c090657b,61202,61204,61202,61204,keep,1,False,
I07ECF0AE,new,26ee1f2ce51649428e4b949caf091803,62281,62283,62281,62283,keep,1,False,
I07ECF0AE,new,5ce29be86f6c4ee082324bf03b93d5b6,63435,63437,63435,63437,keep,1,False,
I07ECF0AE,new,2177ff6cbbc5419a8172ee79641847e9,63630,63632,63630,63632,keep,1,False,
I07ECF0AE,new,91a262d7bf004c818485407c452b8687,64334,64336,64334,64336,keep,1,False,
I07ECF0AE,new,67281bac06b84f299ae8585de766843f,64678,64680,64678,64680,keep,1,False,
I07ECF0AE,new,2f9597664b6b4bf7a8ccef86cd45f6f1,65062,65064,65062,65064,keep,1,False,
I07ECF0AE,new,8152c5cc430a47799f117f25e4de8af5,65859,65861,65859,65861,keep,1,False,
I07ECF0AE,new,21bbc171076e40e39fa1b37e3806af2f,67605,67607,67605,67607,keep,1,False,
I07ECF0AE,new,39724a04bbff421c85bb4a01508b84ec,68055,68057,68055,68057,keep,1,False,
I07ECF0AE,new,de6669cd6b8140789c5b574685f8e3a0,68365,68382,68365,68382,keep,1,False,
I07ECF0AE,new,513c1c369afa446dbaef077473c53cea,75453,75471,75453,75471,keep,1,False,
I07ECF0AE,new,19aa581f134a470c8004587d405998c8,92505,92513,92505,92513,keep,1,False,
I07ECF0AE,new,f507bf15da88401f8916a94ac70967d9,92515,92582,92515,92582,keep,1,False,
I08405360,new,cb117ad781424e65ac57fe0abbb3b693,159,280,159,280,keep,1,False,
I0B81CD66,new,72205379b2934000ac881d614c555aeb,152,157,152,158,end+1,1,False,
I0B81CD66,new,1ebc23177b4e4e6abe831ab6fec8b1b6,346313,346330,346313,346331,end+1,1,False,
I0FCFA88F,new,0b43964c6f88487e9c15304158f0b6f4,0,51,0,51,keep,1,False,
I0FCFA88F,new,3c7311b9e9524c09862da1cbcf522819,476,481,476,482,end+1,1,False,
I0FCFA88F,new,a6d175daa08749de94cb5f84fbfe2d43,5723,5740,5723,5740,keep,1,False,
I0FCFA88F,new,736987707a894d12b5c346a0b3fc447e,11321,11422,11321,11422,keep,1,False,
I0FCFA88F,new,d75afee8a12640bf915b6c6c14cd4687,90440,90561,90440,90561,keep,1,False,
I0FCFA88F,new,4a7e2802564846d0985c9ce28c8652d3,122360,122414,122360,122414,keep,1,False,
I0FCFA88F,new,4e68eea9f70547c39a7c95515df769d2,237784,237801,237784,237802,end+1,1,False,
I0FE9ED9E,new,c759cffdbd5f444daf17ae051c5442af,117,190,117,190,keep,1,False,
I100E7DAD,new,cbf01838748842d89f6abec9922136d3,150,155,150,156,end+1,1,False,
I100E7DAD,new,e32d20b40d5e45f2ae5304091f722538,6729,6746,6729,6746,keep,1,False,
I100E7DAD,new,6516789dea8e44fba1767d26df691af8,13047,13097,13047,13097,keep,1,False,
I100E7DAD,new,85f8827efa954662a7a0b6b3c694ad32,340743,340760,340743,340761,end+1,1,False,
I10C4C4B5,new,79468989d20944b09372cbd64d94297d,127,219,127,219,keep,1,False,
I130B5D0F,new,f751fca1e7cb4c11ab112b54ac758417,68,119,68,119,keep,1,False,
I130B5D0F,new,820c8d347d55429b95aac5911cc34f32,463,472,463,473,end+1,1,False,
I130B5D0F,new,7ec5c0823a3d4a5793659f0175d84329,14469,14478,14469,14478,keep,1,False,
I130B5D0F,new,c4851f020b9849de8f5cb3ddbff451f9,19328,19348,19328,19348,keep,1,False,
I130B5D0F,new,6b238fb91ed641a9bea450a80fad48f9,24972,24995,24972,24995,keep,1,False,
I130B5D0F,new,c384039fb2bd40009dde81c78b4051da,28979,29003,28979,29003,keep,1,False,
I130B5D0F,new,feec89eae46b4590980bf8b0512c70f8,29928,29955,29928,29955,keep,1,False,
I130B5D0F,new,06a930ddb87a4b178f6ed5584eb8c10f,33741,33763,33741,33763,keep,1,False,
I130B5D0F,new,3152977a34624d14939838a61b78b55a,48537,48563,48537,48563,keep,1,False,
I130B5D0F,new,f806b35f89344dc7829b89e645df2868,61405,61426,61405,61426,keep,1,False,
I130B5D0F,new,e91ee26cf5c24739a999d318524bb88e,64142,64169,64142,64169,keep,1,False,
I1561B2F5,new,91f24b673d01425bb85dd40dc410aa01,122,195,122,195,keep,1,False,
I163178A0,new,ee6200d2760f415294ea6ff719c3387b,126,252,126,252,keep,1,False,
I1649804C,new,75cc262e4b7748808a7b7288baa7cab1,92,138,92,138,keep,1,False,
I19A08A51,new,db39ecd284c44dfb9151e180f4f21ef1,149,298,149,298,keep,1,False,
I1CC06C39,new,2cdcc3087701474199d9def99bd52cd5,138,241,138,241,keep,1,False,
I1DCBD5CC,new,02f05e63bcb74de9a4050778c28c1996,133,138,133,139,end+1,1,False,
I1DCBD5CC,new,2b2ac451d4b64f08886cfc8653695c96,1149,1206,1149,1206,keep,1,False,
I2133CA39,new,d8517cb2339047f3aa31e17804862cf4,0,51,0,51,keep,1,False,
I2133CA39,new,c671118f81004e05accfa1ac4a5889ee,53,71,53,71,keep,1,False,
I2133CA39,new,149624afe0a045a182be11a0f7496562,73,171,73,171,keep,1,False,
I2133CA39,new,fc0c4878416d4a9982695862fa0a85e4,173,216,173,216,keep,1,False,
I2133CA39,new,1d301a332ad24c018ca3ddbe601f7b6d,218,223,218,224,end+1,1,False,
I2133CA39,new,b097c2155cd545c3885569489b53a3d2,9265,9282,9265,9282,keep,1,False,
I2133CA39,new,cb1af40aa2434d09891baff3786b19c8,14894,14980,14894,14980,keep,1,False,
I2133CA39,new,f3dc92f0a4964c11acdda964b3da68a3,298579,298596,298579,298597,end+1,1,False,
I2342D649,new,951a978bfc7047f78bd83d22cc6e830b,231,406,231,406,keep,1,False,
I24EDBDA0,new,8bbaf7ec27c74d0b834473e066eeb180,0,51,0,51,keep,1,False,
I24EDBDA0,new,9a301590e7b64affb401eae95998a3a1,72,202,72,202,keep,1,False,
I24EDBDA0,new,4731afa45cc741c9ab373b761cd231f3,234,239,234,240,end+1,1,False,
I24EDBDA0,new,47f677ad536a494493b267c55d5978b1,2868,2885,2868,2885,keep,1,False,
I24EDBDA0,new,e26cbdf7738d4fbca2c3a68dbcb034ad,557275,557292,557275,557293,end+1,1,False,
I2522EBB0,new,38ab8c2475b94e4d8fdd5f67dac480c0,5744,5773,5744,5773,keep,1,False,
I2522EBB0,new,1ef1863fc0fb49228fde653c03e2178a,14801,14836,14801,14836,keep,1,False,
I2522EBB0,new,cda0c298e0364170a4b97ea6dbe26a53,18738,18769,18738,18770,end+1,1,False,
I2522EBB0,new,2012340526094f1e9207ef0e3a30ec94,22159,22194,22159,22195,end+1,1,False,
I25463E37,new,695d7d7988414ab08ea5f0ef559d934d,0,45,0,45,keep,1,False,
I25463E37,new,e21a81e93360451ba88d00e50cac5e02,382,411,382,411,keep,1,False,
I25463E37,new,8a582aa95c4346f89497918d7ab2af29,2233,2321,2233,2321,keep,1,False,
I25463E37,new,ae0af5971ed74575b114c78e896bd49f,3963,4046,3963,4046,keep,1,False,
I25463E37,new,3f2ca12d454140dd9a53455fe4fa0b48,6939,6973,6939,6973,keep,1,False,
I25463E37,new,e4dcb2858b284647a28db59e884d006e,13947,14016,13947,14016,keep,1,False,
I25463E37,new,9b8131c62eec4b859b9363136d78c096,15096,15135,15096,15135,keep,1,False,
I25463E37,new,9e19ffc6ff744224864b59d8942372ca,18374,18392,18374,18392,keep,1,False,
I25463E37,new,ddc435761812412fb4746ddc4690a413,19964,20007,19964,20007,keep,1,False,
I25463E37,new,7c1fffaf3f444e4396ffb985a681421b,30625,30717,30625,30717,keep,1,False,
I25463E37,new,4039c79e123941f1ae9237041a0cd01f,39976,40022,39976,40022,keep,1,False,
I25463E37,new,ebb307b98a334c7fa0c97ce170bf044a,44112,44146,44112,44146,keep,1,False,
I25463E37,new,68f8e333a48d47edb08e8a94c5c972da,75736,75784,75736,75784,keep,1,False,
I25463E37,new,4dd52b5e4d874d8bbbbbd784330dfe39,146887,146932,146887,146932,keep,1,False,
I27E347E9,new,c7b216fc0881470baa7875a782cb55e9,0,51,0,51,keep,1,False,
I27E347E9,new,42a0216b44524741b260278a056ed962,53,72,53,72,keep,1,False,
I27E347E9,new,6506cdd2ab0e4ffe874bcc56118b655e,74,243,74,243,keep,1,False,
I27E347E9,new,396d463d52e0474b83485be424f3b723,245,284,245,284,keep,1,False,
I27E347E9,new,7d0da11394644894a62ebaa117401fdc,2972,2989,2972,2989,keep,1,False,
I27E347E9,new,5943c268e75546b1a802af5701c98c21,401760,401777,401760,401778,end+1,1,False,
I27F687A4,new,cd5daed699da43d1b0fab024f6a20234,46382,46469,46382,46469,keep,1,False,
I27F687A4,new,962d07597d4546e890a7b4571c0832ed,86125,86207,86125,86207,keep,1,False,
I29CFF9F3,new,e443f68155d64356a3b684b8a5110c87,0,103,0,103,keep,1,False,
I29CFF9F3,new,318502dc4c1f43938160d57983456286,145,249,145,249,keep,1,False,
I29E8AA65,new,1e237f7735ac480f902e9fe5744badbe,146,209,146,209,keep,1,False,
I29E8AA65,new,4e6f596f04af4e4aaf541becf9a2cd54,243,294,243,294,keep,1,False,
I29E8AA65,new,152e5a9a2672415a8d26764338f7cdcb,296,372,296,372,keep,1,False,
I29E8AA65,new,44ac9d5dce6745328580d18e7f4ff694,404,409,404,410,end+1,1,False,
I29E8AA65,new,6928f90cdf734acc993bcd45a937a47e,2664,2694,2664,2695,end+1,1,False,
I29E8AA65,new,74032352af8a4ad6aa044642c39f7802,2696,2713,2696,2713,keep,1,False,
I29E8AA65,new,d1cdc33fe58046cbbaec7b90f853a68f,56275,56318,56275,56318,keep,1,False,
I29E8AA65,new,e12d55938c1e48debc58b7a10d644616,72563,72608,72563,72608,keep,1,False,
I29E8AA65,new,7859ba2302594629af2a7ab8187d5d0b,84288,84325,84288,84325,keep,1,False,
I29E8AA65,new,ca38c69490f34fe3b32007ba5f639cf5,87950,87982,87950,87982,keep,1,False,
I29E8AA65,new,a70ae73d19b74a048d75184c115d8495,151767,151838,151767,151838,keep,1,False,
I29E8AA65,new,aba246343e294c079ea286bbf40a68ff,170817,170843,170817,170843,keep,1,False,
I29E8AA65,new,dba0dfc2dbbd4eab9101a9f092886c24,172329,172369,172329,172369,keep,1,False,
I29E8AA65,new,54889208dff14525aaff867bdadbe9f5,190054,190082,190054,190082,keep,1,False,
I29E8AA65,new,c1c28253aa394e40965feaa30fe35a41,192516,192560,192516,192560,keep,1,False,
I29E8AA65,new,548292a481914ef8ac5aff9b97b2b7b8,192784,192818,192784,192818,keep,1,False,
I29E8AA65,new,c635c974269b4ce89f2bce7c5f217a43,194113,194153,194113,194153,keep,1,False,
I29E8AA65,new,11451f264edd45a2a8f6accb875df8b9,195161,195192,195161,195192,keep,1,False,
I29E8AA65,new,96f96ab8c4e34858a7a911889ae58350,198853,198881,198853,198881,keep,1,False,
I29E8AA65,new,3db7d0fb1d3d4a71bcc4f10e4d069c2a,206092,206112,206092,206112,keep,1,False,
I29E8AA65,new,88e390cf26c04993b160ee1939f14f0b,210190,210207,210190,210207,keep,1,False,
I29E8AA65,new,ff108076df604a5cb47e19d9b32317d7,212985,213001,212985,213001,keep,1,False,
I29E8AA65,new,9b7e5eaf13114c6d8a99b79f3f67b00d,218308,218334,218308,218334,keep,1,False,
I29E8AA65,new,468fab50842f46359931052ea1def9a6,220518,220542,220518,220542,keep,1,False,
I29E8AA65,new,d5908878942b4c05be805d1b7d8cd8c7,221299,221319,221299,221319,keep,1,False,
I29E8AA65,new,3a9e0cf679394485a32207bd16fe8c73,225369,225388,225369,225388,keep,1,False,
I29E8AA65,new,2cdabb066388412383fa6da42d60ed95,227229,227255,227229,227255,keep,1,False,
I29E8AA65,new,5638b4e419bd44998b023cbe795c85d9,229411,229433,229411,229433,keep,1,False,
I29E8AA65,new,24644f9ac4314e4ab38fdc315a3b7748,250076,250120,250076,250120,keep,1,False,
I29E8AA65,new,86e87537edb14c06b07349b488cb94dd,254933,254978,254933,254978,keep,1,False,
I29E8AA65,new,d41ce1769f814bd49c797d211a6cff50,261265,261296,261265,261296,keep,1,False,
I29E8AA65,new,eadffbf2a03741e9881dabc90737201f,265347,265385,265347,265385,keep,1,False,
I29E8AA65,new,8a7870c334144cf3aa86d25b73af9d80,268729,268746,268729,268747,end+1,1,False,
I2B02A144,new,dff6925001984acfb3eb54bcfe53d4de,210,216,210,217,end+1,1,False,
I2B02A144,new,71f9eb6bb91d418ca6a346ed2f073c6a,2873,2890,2873,2890,keep,1,False,
I2B02A144,new,222822a0083f49189a4dd367cf19bd06,557472,557489,557472,557490,end+1,1,False,
I2BC62A6F,new,b881b451ed3547239a10546e8c7cb29d,79,120,79,120,keep,1,False,
I2D0F4FAF,new,c7e6bc49810c4c689ebe12e451f3e4d1,110,162,110,162,keep,1,False,
I2D96E5C8,new,bf4777597bee4e099b7b41e97887a20a,185,190,185,191,end+1,1,False,
I2D96E5C8,new,934d2eb2968b40fc8ecf7e67d6de2eb7,8981,8998,8981,8998,keep,1,False,
I2D96E5C8,new,20ea4f6468884ddba2a128314be4f027,14298,14433,14298,14433,keep,1,False,
I2D96E5C8,new,ed89d8a68750494482bfad55aaaa21c0,569284,569301,569284,569302,end+1,1,False,
I2E02CF4A,new,9f1c6cf839d84c349e1be1805e8dce62,182,245,182,245,keep,1,False,
I2E52374B,new,a5fc53e89d3b40889b6d73f61429d08b,137,228,137,228,keep,1,False,
I2EAAF38A,new,4d07fd7b1d12452ea613d4f1a604e3cc,111,121,111,121,keep,1,False,
I2EAAF38A,new,69e0c9e26e224aaa8f9277f55ae55a70,579,608,579,608,keep,1,False,
I2EAAF38A,new,747fcb3059bd4f2fb39bfc986278e5f0,1320,1325,1320,1326,end+1,1,False,
I2EAAF38A,new,5c40d45658e14b1f82c63f56bebcae1a,1327,1337,1327,1337,keep,1,False,
I2EAAF38A,new,e5a55098b84e43fe9ac5259c9f53f48f,1339,1367,1339,1367,keep,1,False,
I2EAAF38A,new,4fed0b0067fc44f29663ef1e5d1ffeaf,1396,1452,1396,1452,keep,1,False,
I2EAAF38A,new,3af57d3199d34cac834f68b916a56f96,1454,1469,1454,1470,end+1,1,False,
I2EAAF38A,new,651f417416e741a5b70e26bbbe4dc639,1471,1484,1471,1484,keep,1,False,
I2EAAF38A,new,c29343796f7c4b59aac0c612f5f26241,1486,1512,1486,1512,keep,1,False,
I2EAAF38A,new,425b95f6eb3c484092e0fc6f8a860e76,1514,1527,1514,1527,keep,1,False,
I2EAAF38A,new,acd291fb47e74b53bb9b08600e09dd21,1529,1543,1529,1544,end+1,1,False,
I2EAAF38A,new,0ffb57e22d4940b2898685faae2ad1d5,1545,1558,1545,1558,keep,1,False,
I2EAAF38A,new,362aa4ccb34a438ba4bd1aba087d7e1b,1560,1577,1560,1577,keep,1,False,
I2EAAF38A,new,cd777fe45a1d481e8ac467e995db6985,1579,1614,1579,1614,keep,1,False,
I2EAAF38A,new,af1358520c844e519a8b002280f1e272,1616,1633,1616,1633,keep,1,False,
I2EAAF38A,new,65fc95d7fde645e5bfd007dd1afca556,1635,1663,1635,1663,keep,1,False,
I2EAAF38A,new,ecbef9a477b34ed0af70799e5b6c3dde,1665,1678,1665,1678,keep,1,False,
I2EAAF38A,new,2451e96dd81d4760bc219b9e66e21fea,1680,1709,1680,1709,keep,1,False,
I2EAAF38A,new,0e0509c88b3141ec9c895e1038c34384,1711,1750,1711,1750,keep,1,False,
I2EAAF38A,new,2c191e46e2544076b766a8bb631224fe,1752,1790,1752,1790,keep,1,False,
I2EAAF38A,new,fade32bcb7f94c669fa53b317d822a5c,1792,1835,1792,1835,keep,1,False,
I2EAAF38A,new,3be884a1e35943de885f0915ace4612e,1837,1864,1837,1864,keep,1,False,
I2EAAF38A,new,38358ec8b3b14445ac6b58fc40d2b105,1866,1893,1866,1893,keep,1,False,
I2EAAF38A,new,b4a32b072788412a9b04ebdadef0aa15,1895,1929,1895,1929,keep,1,False,
I2EAAF38A,new,f86f6edf26c6466cabba5024be47735e,1931,1977,1931,1977,keep,1,False,
I2EAAF38A,new,63b90770b39d4277805465214e6322dd,1979,1992,1979,1992,keep,1,False,
I2EAAF38A,new,8bbec41119b94b90bd3076dd870f42b1,1994,2009,1994,2009,keep,1,False,
I2EAAF38A,new,061858941ffc4fb4a25e5fe5283e0925,2011,2059,2011,2059,keep,1,False,
I2EAAF38A,new,21b51c3c712f4f96a27df12f3de01f3b,2061,2097,2061,2097,keep,1,False,
I2EAAF38A,new,bd626a74ce4a49398706e18839d071b8,2099,2136,2099,2136,keep,1,False,
I2EAAF38A,new,e2b945eabc624fdaae4032ab1a09f956,2138,2186,2138,2186,keep,1,False,
I2EAAF38A,new,f741c3de188542a4bcf472c7163ab47a,2188,2203,2188,2204,end+1,1,False,
I2EAAF38A,new,80ef5aad2365425fb223525553612a72,2205,2223,2205,2224,end+1,1,False,
I2EAAF38A,new,4aa0375bffc64e67a3d34939199df680,2225,2252,2225,2252,keep,1,False,
I2EAAF38A,new,ea038a1df32d460c98b9a49ebc279c4b,2254,2271,2254,2271,keep,1,False,
I2EAAF38A,new,4548d75c2dee43eab6060148a9f7b8b6,2273,2325,2273,2325,keep,1,False,
I2EAAF38A,new,a56e86d3f815484eafa2c38240e0d160,2327,2352,2327,2352,keep,1,False,
I2EAAF38A,new,0d44b5d65d8d42e4a11dec1b45e06182,2354,2379,2354,2379,keep,1,False,
I2EAAF38A,new,73a69b10e06a45cfa4899a7d7396ba72,2381,2417,2381,2417,keep,1,False,
I2EAAF38A,new,86f0272484ac448c81bb8e0bd54e0747,2419,2428,2419,2428,keep,1,False,
I2EAAF38A,new,022a86139042415c9f12207d87f509ef,2430,2440,2430,2440,keep,1,False,
I2EAAF38A,new,0bcad2492e66479c91d6796f5d82e7cc,2442,2467,2442,2467,keep,1,False,
I2EAAF38A,new,31969b3797bd43a1a6a80dd212461e8a,2469,2489,2469,2489,keep,1,False,
I2EAAF38A,new,953b3bf3fa684cdab0a93c07e6193a38,2491,2504,2491,2504,keep,1,False,
I2EAAF38A,new,ffe81bc704654f149a0206c33cff231d,2506,2533,2506,2533,keep,1,False,
I2EAAF38A,new,cc8e3bfe63f1413eae8296715216ebdd,2535,2560,2535,2560,keep,1,False,
I2EAAF38A,new,7652902fa3464ca68197271880b56da6,2562,2597,2562,2597,keep,1,False,
I2EAAF38A,new,3df3672ada424f2e8306938a8ffc23a0,2599,2622,2599,2622,keep,1,False,
I2EAAF38A,new,e3c36f211d0a4886ab924d8c45ea4ef3,2624,2658,2624,2658,keep,1,False,
I2EAAF38A,new,bf8146e8528e4742af86b7ea76ee956d,2660,2686,2660,2686,keep,1,False,
I2EAAF38A,new,71aeb63a2a114e19a8f6b20f6fbc2a69,2688,2720,2688,2720,keep,1,False,
I2EAAF38A,new,bbe48fb246b94961900e91af56689202,2722,2766,2722,2766,keep,1,False,
I2EAAF38A,new,fce2293967f44052bf80b463028cb327,2768,2803,2768,2803,keep,1,False,
I2EAAF38A,new,f8a03ff8302b4aee805bc3398fbc58af,2805,2843,2805,2843,keep,1,False,
I2EAAF38A,new,dd24a95e3ff4461e8d47bcc7992d7e5d,2845,2865,2845,2865,keep,1,False,
I2EAAF38A,new,c75d85d05eb6486d886e08876468dd80,2867,2908,2867,2908,keep,1,False,
I2EAAF38A,new,1eacb48b906448e48b1c3112cfa072d1,2910,2952,2910,2952,keep,1,False,
I2EAAF38A,new,5469a825927e4128ba18e5f56608ca88,2954,2975,2954,2975,keep,1,False,
I2EAAF38A,new,058a6f5c90aa4190a85b4e0959dc3aac,2977,2996,2977,2996,keep,1,False,
I2EAAF38A,new,ec5b1720ce6842ca91d271279aa24355,2998,3018,2998,3018,keep,1,False,
I2EAAF38A,new,0ce7ed5208544006b8ce110f7f804308,3020,3053,3020,3053,keep,1,False,
I2EAAF38A,new,381946d5ca02454991059669acac41ae,3055,3070,3055,3070,keep,1,False,
I2EAAF38A,new,cd3a5df5bae3430f895b247f89fcefa0,3072,3090,3072,3090,keep,1,False,
I2EAAF38A,new,2a621c4a5c5e436d8fda0b337596010d,3092,3123,3092,3123,keep,1,False,
I2EAAF38A,new,7239ad5d38b244b384325454450701d0,3125,3180,3125,3180,keep,1,False,
I2EAAF38A,new,66035e2df5c94b4f9360d59504234b2c,3182,3234,3182,3234,keep,1,False,
I2EAAF38A,new,d673b5a15b9a4bc395e8ce99657e642e,3236,3300,3236,3300,keep,1,False,
I2EAAF38A,new,749fe39a5ec3449abab59830770f6c2c,3302,3315,3302,3315,keep,1,False,
I2EAAF38A,new,3fefd761f90e436288f6b71955f8a992,3317,3334,3317,3334,keep,1,False,
I2EAAF38A,new,0fae5284b39c449b9e27a27964f51407,3336,3365,3336,3365,keep,1,False,
I2EAAF38A,new,969aafc08dee4ec3b365f121e5e5c553,3367,3387,3367,3387,keep,1,False,
I2EAAF38A,new,fe9ce29ff0084dceac0d0594059f5c90,3389,3411,3389,3411,keep,1,False,
I2EAAF38A,new,1a603e4ede794377871404d7c9d53728,3413,3452,3413,3452,keep,1,False,
I2EAAF38A,new,d589add4beeb45939ee29df484fe79c0,3454,3507,3454,3507,keep,1,False,
I2EAAF38A,new,a72631d0c72649d683c3c0ea087433d6,3509,3524,3509,3524,keep,1,False,
I2EAAF38A,new,941491e099ae4a69a5e0ea71edf3ac55,3526,3536,3526,3536,keep,1,False,
I2EAAF38A,new,5aca1e72222142029cd07587efcf283a,3538,3568,3538,3568,keep,1,False,
I2EAAF38A,new,e3106aae13714dbc8131169f15b12432,3570,3614,3570,3614,keep,1,False,
I2EAAF38A,new,78b6e2df41c74fe39c4b9242de66c886,3616,3626,3616,3626,keep,1,False,
I2EAAF38A,new,8e7613e978344e1fbb37a842d1cc0f02,3628,3648,3628,3648,keep,1,False,
I2EAAF38A,new,1f5717968eb745aa91f812af41c4629d,3650,3690,3650,3690,keep,1,False,
I2EAAF38A,new,4e516c97750d460bb08254d35e92ad8c,3692,3740,3692,3740,keep,1,False,
I2EAAF38A,new,eb74c029aec841ac8a72a6447bec9bb7,3742,3773,3742,3773,keep,1,False,
I2EAAF38A,new,40be6f6a70644e9baabd5b08856cda74,3775,3818,3775,3818,keep,1,False,
I2EAAF38A,new,62c95b1fed9e41708722f9d4fb7b0111,3820,3845,3820,3845,keep,1,False,
I2EAAF38A,new,9f36cb3e4e2f4cf9893f749766a46711,3847,3875,3847,3875,keep,1,False,
I2EAAF38A,new,febcd1d8a02645018de4c74b0cbb636d,3877,3896,3877,3896,keep,1,False,
I2EAAF38A,new,d3c267f510dd4626bb28ea2257983dc5,3898,3944,3898,3944,keep,1,False,
I2EAAF38A,new,ac387f7ce36a48e3831b89f90da8c7bf,3946,4017,3946,4017,keep,1,False,
I2EAAF38A,new,3a2bb7e4e6d24eb99336d720a990bc4b,4019,4051,4019,4051,keep,1,False,
I2EAAF38A,new,ddd3622870d841498d2ef5356b16dd17,4053,4135,4053,4135,keep,1,False,
I2EAAF38A,new,48e5fbb5294744a9be025c2ad3254124,4137,4179,4137,4179,keep,1,False,
I2EAAF38A,new,dc341d5956e446edab1d761a60fe5e85,4181,4225,4181,4225,keep,1,False,
I2EAAF38A,new,c0f2e84c6a5e4ef6b25971a5459cc93a,4227,4259,4227,4259,keep,1,False,
I2EAAF38A,new,4e47df1978bb4c26abee8bb2b4f3ecde,4261,4310,4261,4310,keep,1,False,
I2EAAF38A,new,89ae819170fe42fab942efac871c0507,4312,4325,4312,4325,keep,1,False,
I2EAAF38A,new,dac51dd8a498443e9cb378ac7ef607ca,4327,4342,4327,4342,keep,1,False,
I2EAAF38A,new,cfc57a0d38af4c21b065e445ca9ed5d0,4344,4371,4344,4371,keep,1,False,
I2EAAF38A,new,1674d047a35c400ba94c47508bf32e12,4373,4389,4373,4389,keep,1,False,
I2EAAF38A,new,8c11ec8ba85c452ebec679fc85269107,4391,4411,4391,4411,keep,1,False,
I2EAAF38A,new,47dd03ac17e646c59c5226385079dece,4413,4432,4413,4432,keep,1,False,
I2EAAF38A,new,f3104d7c0fd24876a41b0fb7155d52ac,4434,4478,4434,4478,keep,1,False,
I2EAAF38A,new,21cdd84a35dc4d65b085a207216b99ea,4480,4495,4480,4495,keep,1,False,
I2EAAF38A,new,1695041efb384c099204257ff87e84a6,4497,4510,4497,4510,keep,1,False,
I2EAAF38A,new,a40b97d010b5457fac8945a7c951914c,4512,4538,4512,4538,keep,1,False,
I2EAAF38A,new,4c1136329ccc44cb86f276dc623a2953,4540,4566,4540,4566,keep,1,False,
I2EAAF38A,new,7f1ae2b129954aaaa98d9c715ba8770a,4568,4591,4568,4591,keep,1,False,
I2EAAF38A,new,caa65cf6fc1d4d60a532cd5e6d00ee9e,4593,4613,4593,4613,keep,1,False,
I2EAAF38A,new,244088fec17a45ceb6c288fdebd84dc3,4615,4652,4615,4652,keep,1,False,
I2EAAF38A,new,1d691ec9f77f4dc5b2d4f053edcb5952,4654,4691,4654,4691,keep,1,False,
I2EAAF38A,new,c0c2c5f74cef43eca8f3bcd0bc877578,4693,4734,4693,4734,keep,1,False,
I2EAAF38A,new,66137bf0f56541f4824e4ff1966a5fea,4736,4784,4736,4784,keep,1,False,
I2EAAF38A,new,37a87f8ae007441185759913bc0c5ec6,4786,4835,4786,4835,keep,1,False,
I2EAAF38A,new,e50adc4aecf14a1c94985ea57ccf1999,4837,4879,4837,4879,keep,1,False,
I2EAAF38A,new,72aecff22164440ba8f80516d158fe53,4881,4923,4881,4923,keep,1,False,
I2EAAF38A,new,206156aa03264033845e0279e2237236,4925,4966,4925,4966,keep,1,False,
I2EAAF38A,new,30eebe5b78774b9b861c888dbbae54e3,4968,4982,4968,4982,keep,1,False,
I2EAAF38A,new,5d9d506be45a4cf68bed00ede2bf943a,4984,5009,4984,5009,keep,1,False,
I2EAAF38A,new,d53994acf5e946e482df3ff1f813e6bb,5011,5058,5011,5058,keep,1,False,
I2EAAF38A,new,eec53ad67a2b4f12b95ea00af51eb8c9,5060,5108,5060,5108,keep,1,False,
I2EAAF38A,new,0261867b859f409e864797e745dc23c4,5110,5169,5110,5169,keep,1,False,
I2EAAF38A,new,727c92a11fdd4f6e80141b37509a66ed,5171,5235,5171,5235,keep,1,False,
I2EAAF38A,new,7057875fcdf94ebf913a6576736bafcb,5237,5296,5237,5296,keep,1,False,
I2EAAF38A,new,9ac4f3cba3cb4723a976fcd95a34999c,5298,5312,5298,5313,end+1,1,False,
I2EAAF38A,new,f170268855c54365ad1008302584697c,5314,5346,5314,5346,keep,1,False,
I2EAAF38A,new,09ffac54add94ff3a873eec7eece9db6,5348,5375,5348,5375,keep,1,False,
I2EAAF38A,new,0c24ba6f6b8044be83a29e4372d7bb04,5377,5401,5377,5401,keep,1,False,
I2EAAF38A,new,cf0c339ea8d04ecfb11813a4522dfdaf,5403,5417,5403,5417,keep,1,False,
I2EAAF38A,new,30bce1df1b6348cab3018237d8731ffc,5419,5433,5419,5433,keep,1,False,
I2EAAF38A,new,fff1932a53e0419ea7c3213139be5c3d,5435,5482,5435,5482,keep,1,False,
I2F35E7CC,new,856978bd5a684bdaba518ba92baeb9c4,2956,3024,2956,3024,keep,1,False,
I319DAFF7,new,91af7d23b8214ef8916002576392bcb0,177,308,177,308,keep,1,False,
I31F3338B,new,fad55710f1684a9f9920aeec8ea9dc7d,69,188,69,188,keep,1,False,
I32431963,new,9ab90932888a4fa981a69cacfca2c873,57,96,57,96,keep,1,False,
I330D366C,new,776eaef10d11430d8f3216ac37ffc2c9,76,201,76,201,keep,1,False,
I330D366C,new,b5b55a51d61d49469161948624f72272,10283,10297,10283,10297,keep,1,False,
I330D366C,new,415b84792a464270a0f9b31c06cc7776,17341,17355,17341,17355,keep,1,False,
I330D366C,new,b65f569f5533496fbc801181e8ae47a3,25854,25867,25854,25867,keep,1,False,
I330D366C,new,3f2a8f25664d4fae939abd9638f461aa,35728,35740,35728,35740,keep,1,False,
I330D366C,new,57ad4ecb31e44789a0d678bc41c5c908,45890,45904,45890,45904,keep,1,False,
I330D366C,new,4bc719b6032f4472997fd4eb66b6dbfd,51770,51784,51770,51784,keep,1,False,
I330D366C,new,306ae04b75e24a3bbee51def019255f0,59419,59434,59419,59434,keep,1,False,
I330D366C,new,3fcf78784b114db3ab913a3d94eaaaee,66828,66841,66828,66841,keep,1,False,
I330D366C,new,b12e581e455b4e249a634221a3b9cff8,73797,73810,73797,73810,keep,1,False,
I330D366C,new,dcceb375b122429b9b1fdcb6b8d2d586,84313,84331,84313,84331,keep,1,False,
I330D366C,new,4fe8c6d1871449a68eccbcf4117dd5a8,88873,88891,88873,88891,keep,1,False,
I330D366C,new,ba999377e3564450a9b405f38390924b,94441,94459,94441,94459,keep,1,False,
I330D366C,new,f7292e7a11ff4a4ca1adeeda1439ef97,99718,99735,99718,99735,keep,1,False,
I330D366C,new,b19a8c9c9dca4abca83abf0f124aa574,104135,104151,104135,104151,keep,1,False,
I330D366C,new,d442cf2d60c84c81a5b59027af8b268c,110777,110795,110777,110795,keep,1,False,
I330D366C,new,34a93d377b3342418f25de4075180ce6,122828,122846,122828,122846,keep,1,False,
I33763376,new,262f2d5263754294bdbbf5249013ae6b,115,179,115,179,keep,1,False,
I340B9EC1,new,c57c914e411e4ce5a21e42eb41f312a4,72,189,72,189,keep,1,False,
I344D2A4C,new,5704cfc3ec35426fbe394819d6d2f651,52,157,52,157,keep,1,False,
I36A7A668,new,3af35c9ca2654d1a80b3fdf1e553a97f,170,187,170,187,keep,1,False,
I36A7A668,new,297fe26b769a443b8e496c15740692f1,131864,131942,131864,131942,keep,1,False,
I36A7A668,new,04063f162b6f41b292586757ca47e7d1,241548,241598,241548,241599,end+1,1,False,
I36A7A668,new,738c9b85fccf4ae3829a73dc65e85e87,255482,255532,255482,255533,end+1,1,False,
I36A7A668,new,3c4c9bcb41f943a5a8ae453f3365709f,261474,261509,261474,261509,keep,1,False,
I36A7A668,new,3904600506304cd7832929f93b88fe49,267486,267525,267486,267525,keep,1,False,
I36A7A668,new,df4242025ec345aaa2fe496a09ebfa64,274692,274733,274692,274733,keep,1,False,
I36A7A668,new,10fe624b5caf4dbd93b4ded8fc56eacf,276959,276972,276959,276972,keep,1,False,
I36A7A668,new,73b0c8319d404ee0872f1ae7dc78295d,301992,302021,301992,302021,keep,1,False,
I36A7A668,new,1f1444f5ca24497fac484958f044f797,356419,356442,356419,356442,keep,1,False,
I36A7A668,new,4931dfee519c4133b410eca43bf20fa3,358678,358695,358678,358696,end+1,1,False,
I3B871A64,new,5eda1b8d4f3940fdb33443984b3e2255,145,239,145,239,keep,1,False,
I3D257F64,new,7440c6ccf857424bb6c586be99583f76,127,208,127,208,keep,1,False,
I3D6910F9,new,8add3183a0954447bc4e76df73e60319,280,440,280,440,keep,1,False,
I3F4A91F5,new,ee4eef0313e34aa5b3d6d0c0ebe3b00f,112,174,112,174,keep,1,False,
I3F4A91F5,new,d9a576022f8941a3add69ae67669eae9,212,257,212,257,keep,1,False,
I3F4A91F5,new,3d8271d8127d47a18dd3da66821da990,304,350,304,351,end+1,1,False,
I3F4A91F5,new,e32b9a9046c746f7bb3397679ce65af5,381,484,381,484,keep,1,False,
I3F4A91F5,new,307e72cdf0434ee4b12485229153a128,518,523,518,524,end+1,1,False,
I3F4A91F5,new,cdd89690cf824ee3803d93e64630d40b,5851,5868,5851,5868,keep,1,False,
I3F4A91F5,new,bc89ffa80c274d7bbca17f7f959b3ce6,10377,10444,10377,10444,keep,1,False,
I3F4A91F5,new,914dc2268aec4036bfacf6d3e5ac0727,81615,81665,81615,81665,keep,1,False,
I3F4A91F5,new,339c48c9d1894e769529d8fb0b507045,186163,186214,186163,186215,end+1,1,False,
I3F4A91F5,new,34c98817a5d24f27a5c3b259c941c50a,204044,204152,204044,204152,keep,1,False,
I3F4A91F5,new,8297b17818a847df86b4353f6bf3d0fb,329484,329501,329484,329502,end+1,1,False,
I40E5024E,new,dadcdede35004453833f5bddf3655796,237,254,237,254,keep,1,False,
I40E5024E,new,2708b9f06df240c39d967c49192a3af0,3123,3207,3123,3207,keep,1,False,
I40E5024E,new,7be77e61caa84d65900d98281924afd1,3877,3945,3877,3945,keep,1,False,
I40E5024E,new,4513398f7d7546b3869017e5651efb9f,5113,5168,5113,5168,keep,1,False,
I40E5024E,new,208c34859aa2485c8d8ee300026a5ebf,8677,8728,8677,8728,keep,1,False,
I40E5024E,new,f7a88204f1824753a1a9ebb500f70e42,9562,9636,9562,9636,keep,1,False,
I40E5024E,new,ef85f7968d004a499125c4fbd8336658,13711,13771,13711,13771,keep,1,False,
I40E5024E,new,faa6c9445e7e4c94830da173c0c8f333,15983,16017,15983,16017,keep,1,False,
I40E5024E,new,c369d1ab27b24d2bbac639dd263c2d40,18677,18718,18677,18718,keep,1,False,
I40E5024E,new,4ba106a72b2e4081894976538cc62cdf,19639,19676,19639,19676,keep,1,False,
I40E5024E,new,bf13b3f4e3d64eb2bebaad361690c4ed,23433,23458,23433,23458,keep,1,False,
I40E5024E,new,2b5e64bcc9b84944b380c8e4efee5e6a,25207,25235,25207,25235,keep,1,False,
I40E5024E,new,29975e3a5b7447b09c5671773103f79a,120897,120919,120897,120920,end+1,1,False,
I40E5024E,new,5e11b881038047fa97c4c34dce95ac71,126737,126764,126737,126765,end+1,1,False,
I40E5024E,new,fc018179ed534da29dc9cdaf12e1bb0d,131898,131925,131898,131925,keep,1,False,
I40E5024E,new,7915afb43c84469daf7728ddca02dfce,142310,142401,142310,142401,keep,1,False,
I40E5024E,new,513444e9e5794ce0a454561def7b50d0,197072,197089,197072,197090,end+1,1,False,
I41DA990D,new,70cfea68185943d6ab80b6df6badd9ec,51,116,51,116,keep,1,False,
I4232A561,new,090f1d57faad4859b99bc4db0bd8ab17,113,177,113,177,keep,1,False,
I44B84506,new,b2e120fe1146416d992bb8b922be9dbb,187,217,187,217,keep,1,False,
I44B84506,new,2d2e417fdee948ceb4e60e64c1e3cf05,219,286,219,286,keep,1,False,
I44B84506,new,932e54173eaa4e92b0927bc1abeb17ec,1115,1132,1115,1132,keep,1,False,
I44B84506,new,8a8a5962d56f427795260e7d5f5db3e0,12521,12539,12521,12539,keep,1,False,
I44B84506,new,63dc737d384644dd9ba11a0130a58d77,24004,24022,24004,24022,keep,1,False,
I44B84506,new,cdc00d9a19ed448085c65e4d1d1828ad,35051,35068,35051,35068,keep,1,False,
I44B84506,new,68c6d887efbf457a917bfe51134fb012,39315,39331,39315,39331,keep,1,False,
I44B84506,new,e7f365209b2445efb1a18625bf88ca68,43088,43106,43088,43106,keep,1,False,
I44B84506,new,060d68c96e26420599f075d3b8286387,50876,50894,50876,50894,keep,1,False,
I44B84506,new,17b81762e0c74a8196fe036aac17a6e4,57316,57335,57316,57335,keep,1,False,
I44B84506,new,105187bfbd194f79bd7820fe16c9f687,63525,63542,63525,63542,keep,1,False,
I44B84506,new,bfb87eec9024473ca605e2191b9b527d,71779,71797,71779,71797,keep,1,False,
I44B84506,new,e788fedfcac3431fbf1916e045ad2ad3,78379,78400,78379,78400,keep,1,False,
I44B84506,new,485a656793564b31a3c32565723b9df7,82138,82159,82138,82159,keep,1,False,
I44B84506,new,77d8a8e23eaf4287b74b67529e536fe9,88489,88510,88489,88510,keep,1,False,
I44B84506,new,45d79d37026c4b479d1123c1904e5611,94834,94854,94834,94854,keep,1,False,
I44B84506,new,9bc772926e8f47a58fcc84007e75da07,98661,98681,98661,98681,keep,1,False,
I44B84506,new,387e9e02020d4081aff59603fce0c6d0,106019,106040,106019,106040,keep,1,False,
I44B84506,new,c060c23e80144cf1a34fcd7088e382d0,110364,110385,110364,110385,keep,1,False,
I44B84506,new,6db94b118acf482388dcbb7d2854628a,113575,113597,113575,113597,keep,1,False,
I44B84506,new,7b5fe71b579d4670948f7ce2ed9fcc05,120517,120537,120517,120537,keep,1,False,
I44B84506,new,e0c4d9a29fc94425a8909d431d7caade,126209,126227,126209,126227,keep,1,False,
I44B84506,new,a94f1b969848481793cb18cb53325831,130290,130311,130290,130311,keep,1,False,
I44B84506,new,27eabb37f5284811b301b1ae755a642d,138442,138463,138442,138463,keep,1,False,
I44B84506,new,ab8aa0f588e549d9a1e6222f43ae191c,147558,147579,147558,147579,keep,1,False,
I44B84506,new,f526e8173b364c3d94243cd34efe0ab9,150595,150615,150595,150615,keep,1,False,
I44B84506,new,f5f8180d46e54436a0ed9b44ab75c385,161012,161032,161012,161032,keep,1,False,
I44B84506,new,0d0c50d57dd548aea91c0dab8b1224f4,167124,167145,167124,167145,keep,1,False,
I44B84506,new,ccaf057c6c634f77ac72a051fba73164,174584,174605,174584,174605,keep,1,False,
I44B84506,new,73de523f445448dd9f35cb28d246861a,178215,178237,178215,178237,keep,1,False,
I44B84506,new,e89c166ef8d04c2297efad11b11bbf41,181698,181718,181698,181718,keep,1,False,
I44B84506,new,be538184ad724bb4a6b6fce6a5f63812,186041,186062,186041,186062,keep,1,False,
I45222122,new,7ab82fee8145424f946df4f936e422f4,85,127,85,127,keep,1,False,
I454D2699,new,71a930c4f5e1447e9c4507d35069fcbc,205,308,205,308,keep,1,False,
I4A6AC1AA,new,8b137d522e9a4537991eb08fa567276b,80,121,80,121,keep,1,False,
I4ABDA91A,new,cd04c4f7375f4bbd8888a0266e65fb55,5,153,5,153,keep,1,False,
I4ABDA91A,new,930e7bed907642a2a786f569fe1688df,191,303,191,303,keep,1,False,
I4ABDA91A,new,37fbd0de77124e0e89c4228a918fbfe9,305,469,305,469,keep,1,False,
I4B1806B4,new,b4a77288a58b436f98cd93d02faaaf29,132,149,132,149,keep,1,False,
I4B1806B4,new,cd18bbdd239a4d258c6410a3669340ea,1752,1757,1752,1758,end+1,1,False,
I4B1806B4,new,13081b7e9dda4e76a5f0b09c7c16a23f,2447,2503,2447,2503,keep,1,False,
I4B1806B4,new,2c5717fd551740dfb5114faf6549c23f,203826,203893,203826,203893,keep,1,False,
I4BECA32D,new,b1721eb6d11d431984ecd35e6ada70b8,136,235,136,235,keep,1,False,
I4C242C84,new,ebcfd7936fc64394831884210665e22b,5743,5768,5743,5768,keep,1,False,
I4C242C84,new,a39644fd64f54fadad90038c2b5f03a1,7625,7658,7625,7658,keep,1,False,
I4C242C84,new,ac4c8d444dc74afcbea5a922c8edf8b7,10660,10693,10660,10693,keep,1,False,
I4C242C84,new,15d9fb7ca9414b82882bb535d0bb16a7,11595,11618,11595,11618,keep,1,False,
I4C242C84,new,30da9aa7532f4f62959196817fb9352e,12325,12358,12325,12358,keep,1,False,
I4C242C84,new,9bd5c036b6de4f9a8710529ff8239933,14383,14426,14383,14426,keep,1,False,
I4C242C84,new,c4b89aaa8aa24c31802866f70f79fe57,19390,19420,19390,19420,keep,1,False,
I4C242C84,new,7a0d6fe3472548e99946df3cedecf4a7,23811,23843,23811,23843,keep,1,False,
I4C242C84,new,c3a07a6017d14a1abba9c23e56d72f44,28040,28072,28040,28072,keep,1,False,
I4C242C84,new,0d37a0fc59434b3c888891d43fdf7e16,29940,29968,29940,29968,keep,1,False,
I4C242C84,new,61333cc596614cd9a5b539534813eb0e,32401,32442,32401,32442,keep,1,False,
I4C242C84,new,c9a93e7a70ac4f9ba5029d0826a64b9f,33519,33554,33519,33554,keep,1,False,
I4C242C84,new,4832a25537cc4ccfb59dfeea28f28080,34817,34836,34817,34836,keep,1,False,
I4C242C84,new,b4c0ffe2556d46788a5dd28943fc3e72,34838,34868,34838,34868,keep,1,False,
I4C242C84,new,9340ba58f7914ee883aaf76e57f3f324,45256,45294,45256,45294,keep,1,False,
I4C242C84,new,4d734214bb6947579d8df80b284f52f5,46862,46947,46862,46947,keep,1,False,
I4C242C84,new,4109fc6c0e69476994ec08884654a4af,49395,49438,49395,49438,keep,1,False,
I4C242C84,new,b30750a92cb1495aa4f96cc5b917a72e,56761,56790,56761,56790,keep,1,False,
I4C242C84,new,fde49b5742964cdfbd9069783a196ca6,58440,58527,58440,58527,keep,1,False,
I4C242C84,new,29e8074e17ef4ff5a714324125a54862,64408,64485,64408,64485,keep,1,False,
I4C242C84,new,9bcebb6f26a94ee09e73d4456f98e123,73278,73325,73278,73325,keep,1,False,
I4C242C84,new,01377a38a938400f9a9be4a2210cfffe,82092,82139,82092,82139,keep,1,False,
I4C242C84,new,3c448618148048cf88d0dea35c936ac9,89218,89292,89218,89292,keep,1,False,
I4C242C84,new,d3708ffe233a490aacfba941357b37d3,97087,97171,97087,97171,keep,1,False,
I4C242C84,new,813ad0ae98a540178120f0b40f35dc81,102281,102316,102281,102316,keep,1,False,
I4C242C84,new,346a93d7a0b2430c99eb4ebea95bee01,106570,106624,106570,106624,keep,1,False,
I4C242C84,new,4435f58720644ffbb4df105db956837c,110678,110727,110678,110727,keep,1,False,
I4C242C84,new,fc3f00d1cc3040d596b038fa5651d25a,116571,116610,116571,116610,keep,1,False,
I4C242C84,new,3373a54fe46f48438cc3da64d53dff9e,124012,124074,124012,124074,keep,1,False,
I4C242C84,new,274847c1f77444c680e795d49c75282c,133275,133339,133275,133339,keep,1,False,
I4C242C84,new,faf1b063532e49b2af21e6f08f38d299,143168,143257,143168,143257,keep,1,False,
I4C242C84,new,db68e860a079453b8dd41b625b69a2b4,146117,146238,146117,146238,keep,1,False,
I4C242C84,new,3de1fede75174b47ae83d85451b085a5,151004,151069,151004,151069,keep,1,False,
I4C242C84,new,1db9b10e3ee5482a9ca94d37aa6e3fbf,162878,162918,162878,162918,keep,1,False,
I4C242C84,new,d25b4454452d4a2ab32663f33bdc7d7e,163779,163850,163779,163850,keep,1,False,
I4C242C84,new,a8aec36d897a45afbdbe96c2b0bb509a,170030,170096,170030,170096,keep,1,False,
I4C242C84,new,e704dd95dd6846e49e1d6763651e6bd9,173832,173882,173832,173882,keep,1,False,
I4C242C84,new,4d377873ea23423bbfc57c3b5ad79307,181373,181422,181373,181422,keep,1,False,
I4C242C84,new,6ab58b30060141299560ce1fa6efb7e1,192865,192905,192865,192905,keep,1,False,
I4C242C84,new,d4ef8cca6b8c4945b3415ab7407656e5,195208,195259,195208,195259,keep,1,False,
I4C242C84,new,2a125eaa3adb45db811c228141a4e51e,203210,203245,203210,203245,keep,1,False,
I4C242C84,new,7d914ed0e5a0475081db0ad912016131,206098,206153,206098,206153,keep,1,False,
I4C242C84,new,8ff914cec848459b9be6b89494a446b5,209430,209484,209430,209484,keep,1,False,
I4C242C84,new,3c86315ed45f479f8bc8780f19f2430f,213324,213378,213324,213378,keep,1,False,
I4C242C84,new,72256632f7354eb48229be2c989562d7,217425,217504,217425,217504,keep,1,False,
I4C242C84,new,b49bc35c05f74bc780b67a60eb0fa688,220606,220670,220606,220670,keep,1,False,
I4C242C84,new,d02829366e3748d0af8354341336132a,230505,230545,230505,230545,keep,1,False,
I4C242C84,new,701b589adb2f4859aa71f3f1b225d931,236940,237029,236940,237029,keep,1,False,
I4C242C84,new,f164e5b1d36f42cf92f58efb63026e9b,239494,239531,239494,239531,keep,1,False,
I4C242C84,new,769c704868d041b48189ed7c1f6d1554,244266,244332,244266,244332,keep,1,False,
I4C242C84,new,2c20f66b5c954c67a37ed432e14eb12e,255444,255513,255444,255513,keep,1,False,
I4C242C84,new,9cb009277caf48d5af038f123c9827f4,257409,257454,257409,257454,keep,1,False,
I4C242C84,new,d7d80062bf6b472a9aaa99d0740de116,263840,263869,263840,263869,keep,1,False,
I4C242C84,new,87522cf0376341ec88a4c5dbaaa84bd2,271884,271955,271884,271955,keep,1,False,
I4C242C84,new,896fa62c77854fd886f07b88d472e44f,272963,273007,272963,273007,keep,1,False,
I4C242C84,new,d01991b8af134b6cb790b666554a07b6,277477,277495,277477,277495,keep,1,False,
I4C242C84,new,1bfabbff7ba9443da90e179760dfcbeb,277497,277541,277497,277541,keep,1,False,
I4C242C84,new,6332ad16940f4324aea789ce44038707,279132,279161,279132,279161,keep,1,False,
I4C242C84,new,72698693137344c5bf23088bda884fe0,281982,282013,281982,282013,keep,1,False,
I4C242C84,new,612604d15fda4684af1a16df92758972,288718,288797,288718,288797,keep,1,False,
I4C242C84,new,bf4a6aa1374b4a5aad6ccbd0fdd6011a,297484,297545,297484,297545,keep,1,False,
I4C242C84,new,8df8f79c32a54e1e828efea6e3e5dc7c,300404,300457,300404,300457,keep,1,False,
I4C242C84,new,c0eac759611d4647aaf1258d407f9228,306764,306823,306764,306823,keep,1,False,
I4C242C84,new,96cd048d97684d5d935a0d4babbea2e2,307669,307698,307669,307698,keep,1,False,
I4C242C84,new,5a805d52dc8a442b85f9a26e67dc5c35,311093,311111,311093,311111,keep,1,False,
I4C242C84,new,31e3108801e7499ba354f4967903bc9f,311471,311499,311471,311499,keep,1,False,
I4C242C84,new,3b243cf1bf5d454690a072a4dfb4f9ba,311929,311971,311929,311971,keep,1,False,
I4C242C84,new,c6d38852afcc4261a54d9f32cb536020,312909,312958,312909,312958,keep,1,False,
I4C242C84,new,6e012b6d57d540458c6312fe08419da8,314656,314705,314656,314705,keep,1,False,
I4C242C84,new,5eb676855a5742f9bb91a75b3541e01b,318094,318169,318094,318169,keep,1,False,
I4C242C84,new,084a6f0bc0314808bfeca55ecf011112,324305,324339,324305,324339,keep,1,False,
I4C242C84,new,6d36a6a5b5154cabbe9d69b11006f259,325909,325960,325909,325960,keep,1,False,
I4C242C84,new,afd2510b456a4193aa74c26f3469a0c6,329753,329773,329753,329773,keep,1,False,
I4C242C84,new,4adbb5fc59d7448a98a474c4abe20f0b,342064,342095,342064,342095,keep,1,False,
I4C242C84,new,e759b666a36d473ebd418b2a0252c5a4,343263,343306,343263,343306,keep,1,False,
I4C242C84,new,209e6878f52f46a1bbdd2ddc34ceb0a6,348544,348560,348544,348560,keep,1,False,
I4C242C84,new,49b0f91ecb1e44b4b8226a889d1f52c3,348562,348582,348562,348582,keep,1,False,
I4C242C84,new,a5261c374724438ca24ecee3f706fc45,350842,350890,350842,350890,keep,1,False,
I4C242C84,new,f6aa8942d9f34d0ea3e34dbac381c8b6,353830,353888,353830,353888,keep,1,False,
I4C242C84,new,e769f7d7891949fb909cd90ddde7e7cb,356658,356698,356658,356698,keep,1,False,
I4C242C84,new,fdf601fb9e9f4fb9ab23f9c28e7ca58f,358669,358734,358669,358734,keep,1,False,
I4C242C84,new,5d9800b0295348b1a31be49a8a45de4c,363406,363453,363406,363453,keep,1,False,
I4C242C84,new,73d2d3d218a34f17ba4a90267e859ccd,365398,365463,365398,365463,keep,1,False,
I4C242C84,new,7e0d6d047e984eb291543ee9da299fec,372816,372888,372816,372888,keep,1,False,
I4C242C84,new,ab0d99fbf8a94d4787fe624a3a3a343f,373625,373691,373625,373691,keep,1,False,
I4C242C84,new,79f56fecaa994a85b7e8ea6de1283b23,378276,378322,378276,378322,keep,1,False,
I4C242C84,new,feea7333adff4331847884645556b4f1,379400,379450,379400,379450,keep,1,False,
I4C242C84,new,7c0ebbdc1b0846f496c6a8f075c67cbd,382503,382566,382503,382566,keep,1,False,
I4C242C84,new,d43fb9ea7fa149d8828e44b55d38a663,386238,386276,386238,386276,keep,1,False,
I4C242C84,new,807adc9c4f7942b49c35f04c82165e65,391809,391834,391809,391834,keep,1,False,
I4C242C84,new,a4af21f56c4d43c488fa3edcfbb61fd4,394118,394169,394118,394169,keep,1,False,
I4C242C84,new,0370a9e567a44395a00948e1194561d8,401901,401943,401901,401943,keep,1,False,
I4C242C84,new,517ffc3b26024270b88f28ffd313763a,406848,406922,406848,406922,keep,1,False,
I4C242C84,new,8ddfb6713dd248638516ffa90ef6a97b,412068,412143,412068,412143,keep,1,False,
I4C242C84,new,967d5e237b7f4f55a1e65a71001e12c6,418732,418788,418732,418788,keep,1,False,
I4C242C84,new,ff242a2de31d4ce9a33d6401d6fe0c3d,422093,422153,422093,422153,keep,1,False,
I4C242C84,new,d5bbfab62f3740c4976f26146f293d23,423984,424031,423984,424031,keep,1,False,
I4C242C84,new,6979885ba8be4425950d967c4238bee2,425036,425107,425036,425107,keep,1,False,
I4C242C84,new,e86b9f5f6a604dcbaad7de85b1bb8c25,428239,428278,428239,428278,keep,1,False,
I4C242C84,new,e1ee0ae9af3a433f95c849efce67c201,430714,430776,430714,430776,keep,1,False,
I4C242C84,new,da6c83ebd3b94d88bee79504b9363945,435965,435999,435965,435999,keep,1,False,
I4C242C84,new,b2bcc11611404d7699dd88aa743a812e,440359,440374,440359,440374,keep,1,False,
I4C242C84,new,82ffbd060f1d4ed79cf400284ccb59b3,440376,440408,440376,440408,keep,1,False,
I4C242C84,new,80dae3aa6cfa43b284c7893c1db17938,444044,444099,444044,444099,keep,1,False,
I4C242C84,new,80fe6c85234d4aa69d3b4deba8fc56e8,448370,448443,448370,448443,keep,1,False,
I4C242C84,new,3c859cff8c0d48dc805d49a37bd55e4b,452125,452148,452125,452148,keep,1,False,
I4C242C84,new,b20152f5d8a84af39b99ff41d6eba157,452150,452201,452150,452201,keep,1,False,
I4C242C84,new,2fa7e55f014c44b1805161dea75d2229,454091,454111,454091,454111,keep,1,False,
I4C242C84,new,9d3b3f422b3a4b87a36803aad6558628,458697,458717,458697,458717,keep,1,False,
I4C242C84,new,2c89abd70ca94182988eebe2bc0f17fa,469968,470027,469968,470027,keep,1,False,
I4C242C84,new,93116892be9040d896a91e94c7d48c38,472037,472059,472037,472059,keep,1,False,
I4C242C84,new,d7a6bf5b5ce74e05a8879bd9b8625469,475567,475588,475567,475588,keep,1,False,
I4C242C84,new,7df6b6a440ea4a35be047bf8d9a0cf54,482623,482632,482623,482632,keep,1,False,
I4CAE7B8B,new,419c400181f24e6fafaeed03c351a9f3,4222,4239,4222,4239,keep,1,False,
I4CAE7B8B,new,ace2cfd9e0bc4327a4db37167530e712,9607,9678,9607,9678,keep,1,False,
I4CAE7B8B,new,b6c631c506a245b0b5b1b09a29bfc80b,60444,60483,60444,60483,keep,1,False,
I4CAE7B8B,new,9a907b45a6754d9d857710e659ad2c06,81578,81623,81578,81623,keep,1,False,
I4CAE7B8B,new,b82bf0c0bafe4763a713d684e84bd4d8,110218,110260,110218,110260,keep,1,False,
I4CAE7B8B,new,90fa9487631e4b83ab1d8a8d738fac46,162293,162350,162293,162350,keep,1,False,
I4CAE7B8B,new,4bb7ac3469c14b8f96d03f30697c5ff9,200646,200710,200646,200710,keep,1,False,
I4CAE7B8B,new,0b748d92eb344d2bb5e57e9449285158,259795,259812,259795,259813,end+1,1,False,
I4DFE9067,new,7706c3bd7d864158bd43261c7943c381,2001,2021,2001,2021,keep,1,False,
I4DFE9067,new,4bb0fe684acc45899382ee430e14d9a6,38620,38684,38620,38684,keep,1,False,
I4EE8C636,new,05611f8a41f34eb6a59d00271ae835d5,221,362,221,362,keep,1,False,
I4EE8C636,new,af215ca316c94650a370484cf6686af1,364,531,364,531,keep,1,False,
I4FABF1F8,new,7362a8c341ad4630ba7f6132330cd768,174,179,174,180,end+1,1,False,
I4FABF1F8,new,4338199984af4323bc9952254de81cc9,2232,2249,2232,2249,keep,1,False,
I4FABF1F8,new,3d49aec026284ad9a02627014dc0f368,6473,6552,6473,6552,keep,1,False,
I4FABF1F8,new,bdb46c6f52d5418f888987a7db7be58b,25279,25305,25279,25305,keep,1,False,
I4FABF1F8,new,e806d39f61e34fdeaacf24a0e22254d6,52158,52176,52158,52176,keep,1,False,
I4FABF1F8,new,bea720ab21a943a691a17005debbf6bc,84035,84062,84035,84062,keep,1,False,
I4FABF1F8,new,2e9af2c02d7b42df92a2d0d34590068e,146044,146065,146044,146065,keep,1,False,
I4FABF1F8,new,36b3300875304e54a9c578aa9f7b7939,196935,196954,196935,196954,keep,1,False,
I4FABF1F8,new,ad117068ef2c4643af18184349adb36d,198148,198172,198148,198172,keep,1,False,
I4FD99A33,new,3826e0032dcb4f1689d4ae63ea926d63,111,212,111,212,keep,1,False,
I4FD99A33,new,86af51337cbe4519a32fa781fced95a0,249,301,249,301,keep,1,False,
I4FD99A33,new,73d3d22eec7c4bb6b30d5208ee9a3ed4,337,403,337,403,keep,1,False,
I4FD99A33,new,a6bf52382b54465eb5b5ff2f36d87384,425,460,425,460,keep,1,False,
I4FD99A33,new,fe9d4adbf6ca4b0fb82202ec093682dc,500,535,500,535,keep,1,False,
I4FD99A33,new,e773aa0e8ade42388574f1b3a6bd748b,563,619,563,619,keep,1,False,
I4FD99A33,new,d5f764f661764d098302e3916ca0434d,621,652,621,652,keep,1,False,
I4FD99A33,new,ef1056c556b1443f9db1985050939e11,654,739,654,739,keep,1,False,
I4FD99A33,new,3eb73e9a4fda456f9ca22e17632baef1,786,869,786,869,keep,1,False,
I4FD99A33,new,54aeef271db44d3288dfd32adfa7bf2c,910,952,910,952,keep,1,False,
I4FD99A33,new,edebfead116d48adab6d40ed1fcfd90c,989,1038,989,1038,keep,1,False,
I4FD99A33,new,0518b6976f46448ab78dd0db6b6aab64,1073,1078,1073,1079,end+1,1,False,
I4FD99A33,new,bff90857b78341b0b72bce90e0e76f5d,4505,4522,4505,4522,keep,1,False,
I4FD99A33,new,29d68682d4984f85bb577ffbbe0a8259,291283,291300,291283,291301,end+1,1,False,
I4FDF07E7,new,6e04afb3fb4f4d2c86fd0da73b536fe9,75,207,75,207,keep,1,False,
I5048861E,new,fa5bc60128f54bbd8a405bfb6063e017,112,224,112,224,keep,1,False,
I5134B437,new,0c0f8ca78f49468d93f492b31e5f1ce0,140,228,140,228,keep,1,False,
I5134B437,new,3678e24257da43c1b283fcd6eb14c7d4,3169,3179,3169,3179,keep,1,False,
I5134B437,new,fc9e164d6802444f958ca54bf561fbe3,4482,4490,4482,4490,keep,1,False,
I5134B437,new,8f5da677ee0348c3994c88d956127c57,5735,5756,5735,5756,keep,1,False,
I5134B437,new,d1bdaf803b3b4e92ab70fb669b4a0619,9822,9866,9822,9866,keep,1,False,
I5134B437,new,d701ada7a9cb460a9ea1ec5ed398c62f,72670,72697,72670,72697,keep,1,False,
I5134B437,new,271acb03f89a4699822268ed8374352d,91412,91445,91412,91445,keep,1,False,
I5134B437,new,14aef7923fad4b2d9ce2ef7fbfaeba97,127030,127064,127030,127064,keep,1,False,
I5134B437,new,c1483cf5a3e446aa903ba040d2b1a310,177033,177066,177033,177066,keep,1,False,
I5134B437,new,3ae1bd656c79441a9c000b15464b377c,231572,231614,231572,231614,keep,1,False,
I5134B437,new,9b4ad81aff5b4f7585b980f62d9b7559,264638,264675,264638,264675,keep,1,False,
I5134B437,new,4c2c8fb7640343afaddfa67a60e71a6a,287511,287542,287511,287542,keep,1,False,
I518A01A8,new,c9c1bf971d3f4641ad25de08630ebc6b,126,131,126,132,end+1,1,False,
I518A01A8,new,848cb20f8b494c0abff0cf67c90a3b07,495,512,495,512,keep,1,False,
I518A01A8,new,937e7c19622f45999893afa1982de26e,13052,13068,13052,13069,end+1,1,False,
I518A01A8,new,7daf6744ec164669945a7b483b6fe7b7,13817,13843,13817,13843,keep,1,False,
I518A01A8,new,6e81348a8b5a4c64b3e9e5038554333d,14750,14769,14750,14769,keep,1,False,
I518A01A8,new,905765cc8c634bed8972e7d7f74241bf,15921,15950,15921,15950,keep,1,False,
I518A01A8,new,7394777d9a6e4c8f890cdcc60099dd02,17887,17931,17887,17931,keep,1,False,
I518A01A8,new,2d9ef487884c431e983f3ddabb7108aa,18788,18802,18788,18802,keep,1,False,
I518A01A8,new,2c155c4360f545d28a31864212c10b6b,19532,19559,19532,19559,keep,1,False,
I518A01A8,new,cca6ddcc8abc4300bc97381e48a57f76,51870,51916,51870,51916,keep,1,False,
I518A01A8,new,068c5033bc4049bda23106b1c9937cd9,289513,289530,289513,289531,end+1,1,False,
I52248444,new,84ccbf386d1049b485fc891fdc96b7f1,120,215,120,215,keep,1,False,
I52248444,new,229a6a5b113541cab48d39340b4ac908,263,319,263,319,keep,1,False,
I52248444,new,98bca28192b743e5a09e8b084e194a6e,347,444,347,444,keep,1,False,
I52248444,new,bf9ac1a44cf6437b9e38a3cf87eae9fd,483,555,483,555,keep,1,False,
I52248444,new,8ba6d0fc3e4b4fdab28669fd4e2616b2,603,723,603,723,keep,1,False,
I52248444,new,a9a7f83c56184b15ac9a9b4e47b061de,767,865,767,866,end+1,1,False,
I52248444,new,f6ee0c85c7844c51afc6da34940795c4,913,918,913,919,end+1,1,False,
I52248444,new,31b9a62c985146cabc2551ad3309c0bd,4294,4311,4294,4311,keep,1,False,
I52248444,new,e75df0f5492040c7945b72504dc68b4f,8895,8995,8895,8995,keep,1,False,
I52248444,new,a5a4d084d13e49bf8e4b37bcdd2a4716,77474,77535,77474,77535,keep,1,False,
I52248444,new,119f4622ef9141cd9a2bf6c418973ffb,91170,91272,91170,91272,keep,1,False,
I52248444,new,824899777cf0447e851bedf3dc9e25d4,133551,133634,133551,133634,keep,1,False,
I52248444,new,8b68c855f8f740298bdc856f819200f1,167421,167546,167421,167546,keep,1,False,
I52248444,new,14795df63ebf4acebc8d6a1b63d58872,193207,193310,193207,193311,end+1,1,False,
I52248444,new,8f0e6a2aa3984f6886bd9e4e16965dfb,232334,232351,232334,232352,end+1,1,False,
I52F33C02,new,da091f0973b344b6adaecf5357373d00,101,163,101,163,keep,1,False,
I54375004,new,f98a329502584245b120748e3cfedd41,153,256,153,256,keep,1,False,
I55D7A55C,new,045ae5c31ab543a4ac317a82b14e287e,128,201,128,201,keep,1,False,
I55E4B626,new,0d5b2634218b4a91bf8fc1c56e6afe9b,58,151,58,151,keep,1,False,
I575514A8,new,7e33e53dd33a4b1d89e98fdd18f2e9f0,119,124,119,125,end+1,1,False,
I575514A8,new,13e3981bda3c4c8e8dc36e6b7008768f,1698,1707,1698,1707,keep,1,False,
I575514A8,new,4fef746e2d17423bb65047eef075d03e,2332,2348,2332,2348,keep,1,False,
I575514A8,new,5b718900ba7247558e4a32a27b69c295,3004,3014,3004,3014,keep,1,False,
I575514A8,new,ccd01919466c44f0acb400fb9054c6b3,3145,3156,3145,3156,keep,1,False,
I575514A8,new,bfece362bfb3423981dcac078ec87165,4435,4496,4435,4496,keep,1,False,
I575514A8,new,4de7007000fb4cdfbfd2b23aeb8ac146,41006,41065,41006,41065,keep,1,False,
I577D1677,new,abe7e23dbe0d4c53aa378a08c58c0a7f,79,199,79,199,keep,1,False,
I57BB7B28,new,b388a220166745c9a023cc9f4f04e8d4,2,95,2,95,keep,1,False,
I57BB7B28,new,6d30ae46e85b4954bf57957eb6ecd1df,149,236,149,236,keep,1,False,
I57BB7B28,new,f63d9f105ed3454d8f7096535ced4169,238,331,238,331,keep,1,False,
I587B7DED,new,c1949595cc19498b95fd1514f8581836,195,300,195,300,keep,1,False,
I58E33EFF,new,6ce695e34b8d46298d1165982f416cac,2,61,2,61,keep,1,False,
I58E33EFF,new,2bba021da69a4ed5a1b5c8ea6dd8ec5d,96,155,96,155,keep,1,False,
I58E33EFF,new,0ee41765205f4f8db27735d37f8b0ef0,8298,8407,8298,8407,keep,1,False,
I58E33EFF,new,2355c8d5ed5a4a86bd3667f3ef1c0353,10402,10456,10402,10456,keep,1,False,
I5AEEE5CA,new,e237275e676747178bff8df4ef6dd909,131,221,131,221,keep,1,False,
I5BFCBB3F,new,bcb57cc69b2e4fa588b8aabacac95f86,72,194,72,194,keep,1,False,
I5F5D9F5A,new,b62d77da1acf4f6eb9176efa44aef6de,0,51,0,51,keep,1,False,
I5F5D9F5A,new,dfa8043fb64c40e7b31116ea39939693,53,70,53,70,keep,1,False,
I5F5D9F5A,new,cb91b022df6c451b9de4da365ab4180a,72,194,72,194,keep,1,False,
I5F5D9F5A,new,ed12bc8bae574b9c9f1a33d89dabaa40,196,237,196,237,keep,1,False,
I5F5D9F5A,new,ec60774fb9464ddf9bb25097adbf9499,239,244,239,245,end+1,1,False,
I5F5D9F5A,new,abd2933cc5a94cef80e02242cbad59aa,2464,2481,2464,2481,keep,1,False,
I5F5D9F5A,new,86370b75d3e74fd0b7ee874b34aa3bff,17769,17900,17769,17900,keep,1,False,
I5F5D9F5A,new,e452c1b3ded44b3e890180f87c561247,155788,155805,155788,155806,end+1,1,False,
I60D0ED54,new,e7ece33c82e6475ab5a7c120de5101f3,155,309,155,309,keep,1,False,
I617FDD1E,new,1aaf7c78b293406e9f11cdc6e7d14982,120,240,120,240,keep,1,False,
I6193773E,new,c67a4ce9b17a4d6098a1c9f74fa8ff5f,67,124,67,124,keep,1,False,
I62D7430C,new,990f0ef16cb44fe2a8b21a648cea6c8c,61,106,61,106,keep,1,False,
I6380CEC4,new,58f6235f62eb4607ab309e2b27459733,638,643,638,644,end+1,1,False,
I6380CEC4,new,0062e502a4d448fa975ff0d101c56aeb,11646,11743,11646,11743,keep,1,False,
I6380CEC4,new,25dfad3d3b89478a8e2abbf617e86b09,73234,73355,73234,73355,keep,1,False,
I6380CEC4,new,133ce46881f54e13b3c2075f681b68d5,376424,376472,376424,376472,keep,1,False,
I6380CEC4,new,3b1c97fee7534cacb7015ed1c02055cd,411817,411834,411817,411835,end+1,1,False,
I64B5DDDD,new,08a179d6e4b7421e8ec520da07f719a7,108,178,108,178,keep,1,False,
I6A834445,new,86734a8dbb5049c3af2d65e7c8cca6a8,131,207,131,207,keep,1,False,
I6D11E414,new,0ab73fa8579541cfa395e8524e506cf7,114,121,114,121,keep,1,False,
I6D11E414,new,35c21f6ccb5b4f8a8117b3a7ba7aed2e,876,885,876,885,keep,1,False,
I6D11E414,new,4b34289b760042feb355d4e2f22cdb42,890,930,890,930,keep,1,False,
I6D11E414,new,2aabf2ce2fb74ac482f9c2ab3574e1cc,18519,18569,18519,18569,keep,1,False,
I6D11E414,new,9478a6b816f14bf7b96ad6f0c21ff1b0,25023,25058,25023,25058,keep,1,False,
I6D11E414,new,ab80c6c23fef43cba2d484b54d93fb66,107678,107718,107678,107718,keep,1,False,
I6D11E414,new,36328a1c44034e4b836584d5ce52be73,126146,126171,126146,126171,keep,1,False,
I6D11E414,new,03475a35904741908976b86da0481693,135134,135167,135134,135167,keep,1,False,
I6D11E414,new,dd85f6f658864f8195e76e916ae2cb62,138976,139038,138976,139038,keep,1,False,
I6D11E414,new,2d0836d809b74c7b804d173e625ac12f,180402,180451,180402,180451,keep,1,False,
I6D11E414,new,5e5e103f26f94c3ea9fcb0d29db47928,182610,182643,182610,182643,keep,1,False,
I6D11E414,new,c8fcfe39c1424518898020bb7f001e02,199485,199509,199485,199509,keep,1,False,
I6D11E414,new,4a636d4affe245f69350545b94704778,267136,267157,267136,267157,keep,1,False,
I6D11E414,new,4df07b3d17ba4a238cf3c56137b5a356,269661,269678,269661,269678,keep,1,False,
I6D11E414,new,ff8c83e284d44598930326d92c7c4a4d,272097,272111,272097,272112,end+1,1,False,
I6D4C317A,new,b7b7cf5bbe5744ce93c15dcccffee5ba,0,34,0,34,keep,1,False,
I6D4C317A,new,a72c0b9ae0084f2cb91976a2e2e5d860,72,106,72,106,keep,1,False,
I6D4C317A,new,4643dca11e9e453b97b6639654a87120,10186,10218,10186,10218,keep,1,False,
I6D4C317A,new,564997b2cbe4453f9225f5154dc1029f,36907,36949,36907,36949,keep,1,False,
I6D4C317A,new,21a6ecc267b84b1c8d5fe44fc568e740,46814,46849,46814,46849,keep,1,False,
I6D4C317A,new,7c39e8c0017646efb4c0398b60d34d3c,50924,50968,50924,50968,keep,1,False,
I6D4C317A,new,f4a077ce994a47e29a7ea178d38871f4,58580,58628,58580,58628,keep,1,False,
I6D4C317A,new,69b34d83202b4ee2b3fe07d205d3ffc8,82051,82086,82051,82086,keep,1,False,
I6D4C317A,new,86b2eca2435d4e158550eeb70a3e4509,91431,91493,91431,91493,keep,1,False,
I6D4C317A,new,ab58412dbc6b488c829421ba0a5c1028,99595,99632,99595,99632,keep,1,False,
I6EFF9668,new,9c395e07a7d743c38d4ab06dadd56e02,133,150,133,150,keep,1,False,
I6EFF9668,new,fd6b633eddac42e7adb8297a6ef8acf4,5292,5364,5292,5364,keep,1,False,
I6EFF9668,new,5184bae02c0e4a38a38a3b19f5e07b08,24779,24870,24779,24870,keep,1,False,
I6EFF9668,new,826046963aa042d097956685a3d7345e,25483,25512,25483,25512,keep,1,False,
I6EFF9668,new,63d768bbfb1f45f89dbe053de6c14b8f,27960,27984,27960,27984,keep,1,False,
I6EFF9668,new,59bb4329c8a842f5a140871cffbe2eef,29651,29669,29651,29669,keep,1,False,
I6EFF9668,new,2fcd9eb9420d4d748f7134694723e4f4,30766,30789,30766,30789,keep,1,False,
I6EFF9668,new,3853db820d2b408a9ac2c43fe3b94281,32735,32768,32735,32768,keep,1,False,
I6EFF9668,new,439d5654267a4445b5618fdd881c0f35,33557,33634,33557,33634,keep,1,False,
I6EFF9668,new,29f24ea8d78841848418e7e55553dca8,35903,35917,35903,35917,keep,1,False,
I6EFF9668,new,e0641a6af00844f6bead5862f69dee04,36106,36123,36106,36123,keep,1,False,
I6EFF9668,new,5873543b766842efad3429db616d6d08,36478,36491,36478,36491,keep,1,False,
I6EFF9668,new,200d0f0bce3a41efadc8fa8d643d64f4,36747,36758,36747,36758,keep,1,False,
I6EFF9668,new,ff284bb80fa848708679aa4cff99d7a3,36998,37013,36998,37013,keep,1,False,
I6EFF9668,new,0a02520f84054e97b29185031a88e01c,37304,37312,37304,37312,keep,1,False,
I6EFF9668,new,98f37ff3f1574c3da4448b95d1648f45,37522,37531,37522,37531,keep,1,False,
I6EFF9668,new,d89c1fb5568649ee85d5fe9cd0fa0924,37711,37721,37711,37721,keep,1,False,
I6EFF9668,new,a17716201fbc4d24a5755c5a54475c2e,37927,37935,37927,37935,keep,1,False,
I6EFF9668,new,6837aac906114793b880262795f0ea7e,38350,38355,38350,38355,keep,1,False,
I6EFF9668,new,eff6f286fc394e639dd96f2763966ff7,38730,38740,38730,38740,keep,1,False,
I6EFF9668,new,e5afbdec87ae4c93b72505d9a8c5134f,38888,38893,38888,38893,keep,1,False,
I6EFF9668,new,7404f7f94fd340ada5f73b54ddee5dac,39051,39070,39051,39070,keep,1,False,
I6EFF9668,new,96240d5a55b14ed58c011a713608a4f4,39353,39373,39353,39373,keep,1,False,
I6EFF9668,new,135d5687845a448abc41e4aee1b9bbef,39546,39559,39546,39559,keep,1,False,
I6EFF9668,new,353fb66145b54175964263a852fc199a,39878,39892,39878,39892,keep,1,False,
I6EFF9668,new,12b6cdd790364c6a8e10a1bed282d05b,40219,40232,40219,40232,keep,1,False,
I6EFF9668,new,c8c70504fa2445fdb3112d7b1e7c3e5c,40586,40613,40586,40613,keep,1,False,
I6EFF9668,new,7442ffe343f949459cc9db063aeefff7,40859,40872,40859,40872,keep,1,False,
I6EFF9668,new,bb367e69198d415bbd900b06e744eb57,41050,41062,41050,41062,keep,1,False,
I6EFF9668,new,fd0864bdb0ae412c8218b286975151de,41278,41294,41278,41294,keep,1,False,
I6EFF9668,new,73289650374341a3b6df195ed36d311d,41527,41561,41527,41561,keep,1,False,
I6EFF9668,new,9db27ff419814f5a88cc21453b8c3b35,41817,41853,41817,41853,keep,1,False,
I6EFF9668,new,fa712af6ca66452299eaac80a35a75da,42091,42105,42091,42105,keep,1,False,
I6EFF9668,new,450e1d3cac064954982e23de710e76b3,42330,42351,42330,42351,keep,1,False,
I6EFF9668,new,c4755d6bcf994d319df8450d233d094d,42813,42846,42813,42846,keep,1,False,
I6EFF9668,new,54995d8577de46128e49277cae3cf013,44417,44428,44417,44428,keep,1,False,
I6EFF9668,new,0a09ef159d3e4dba93375ed403a980b9,44462,44473,44462,44473,keep,1,False,
I6EFF9668,new,910118ddd9364831b537e9c0454e949a,44552,44563,44552,44563,keep,1,False,
I6EFF9668,new,4697b598bdf14427b395dca518cf6be8,44641,44658,44641,44658,keep,1,False,
I6EFF9668,new,939f836d077f4a63ab43ed9921750184,44837,44854,44837,44854,keep,1,False,
I6EFF9668,new,94330fdfa4e8467f8e28b37e732c2fc0,45310,45322,45310,45322,keep,1,False,
I6EFF9668,new,d35b3649017f47c0ac209c754a4b3528,46521,46583,46521,46583,keep,1,False,
I6EFF9668,new,f50da2dddfb44d0a90d35f195d09f395,46585,46610,46585,46610,keep,1,False,
I6EFF9668,new,18a7ed9df1ed4e749026a8623ca94b1e,47061,47091,47061,47091,keep,1,False,
I6EFF9668,new,9cd22b013c204016b5a7123bf443e16b,47325,47379,47325,47379,keep,1,False,
I6EFF9668,new,ec556dbd0647462d985514cf5f211e21,48031,48056,48031,48056,keep,1,False,
I6EFF9668,new,b886858ab45443af8e482def7a4e27b0,49348,49362,49348,49362,keep,1,False,
I6EFF9668,new,506da46ab6bb42ec9d449c677149298a,49999,50045,49999,50045,keep,1,False,
I6EFF9668,new,130293878d794c9ba6f49c01ca54ec25,50456,50485,50456,50485,keep,1,False,
I6EFF9668,new,9b81bd1d34e44843b8b94279d05fa6a7,51013,51049,51013,51049,keep,1,False,
I6EFF9668,new,8660006411fb46618c00d1192036d783,51538,51570,51538,51570,keep,1,False,
I6EFF9668,new,5acb625bf4994abc92c234ff5bee5354,52035,52066,52035,52066,keep,1,False,
I6EFF9668,new,9ae1651552884de0870ed6c01810c3e7,52384,52415,52384,52415,keep,1,False,
I6EFF9668,new,b6a21a629d114618b346a47b4c129ddb,53136,53148,53136,53148,keep,1,False,
I6EFF9668,new,8b6c398407b04d39970fb64779a7cc47,53266,53301,53266,53301,keep,1,False,
I6EFF9668,new,4f4517af26754a71a23250af3428594d,53605,53636,53605,53636,keep,1,False,
I6EFF9668,new,1272fe321f304984b2966fefe73ce57d,53959,53989,53959,53989,keep,1,False,
I6EFF9668,new,b8e511f1ce7c4b5f9fa6dfa69c40d6bb,54324,54350,54324,54350,keep,1,False,
I6EFF9668,new,2e65174dc88243dab37afd1f33254408,54812,54834,54812,54834,keep,1,False,
I6EFF9668,new,b4b1d3c4a4f24566896205acdde1a396,55551,55590,55551,55590,keep,1,False,
I6EFF9668,new,ef2b18319d8b4f5d9092211be7c61c40,55592,55617,55592,55617,keep,1,False,
I6EFF9668,new,7e84d4013a39402e803c0b27fe34f069,55619,55673,55619,55673,keep,1,False,
I6EFF9668,new,5cfcb84400ba463d8978c84fa2c4a52e,56267,56326,56267,56326,keep,1,False,
I6EFF9668,new,64a129f993f343758891d849a3473fbf,57164,57206,57164,57206,keep,1,False,
I6EFF9668,new,88da80dc61c0437e860513ff8d52dd65,58713,58730,58713,58731,end+1,1,False,
I6F70ED49,new,46cec44602264e6593c27fb3695a81a3,126,197,126,197,keep,1,False,
I74772DFF,new,2da4a02959fc4a838ded50b255fcc182,2194,2212,2194,2212,keep,1,False,
I74772DFF,new,0c2412e0ae714b1da9c64718d7ddfb47,6110,6269,6110,6269,keep,1,False,
I74772DFF,new,6a3ad2fcc97a40b1866c0df8b8e4d884,40581,40766,40581,40766,keep,1,False,
I74772DFF,new,d1b5431395014da08848f884ddc9ff0e,70215,70420,70215,70420,keep,1,False,
I74772DFF,new,c69ca92d7bfb43f3b308892dc75edd61,103217,103327,103217,103327,keep,1,False,
I74772DFF,new,ef8720ecbf964f3190655a160961853f,188045,188063,188045,188064,end+1,1,False,
I750EAEE8,new,828de0c2b77047e684d0e3bebf820100,73,151,73,151,keep,1,False,
I786395B4,new,c7a47f1cb998451abca3f47923001865,175,304,175,304,keep,1,False,
I78C84F85,new,4b73a7d07ae84a79bdd731c19b281acd,279,289,279,289,keep,1,False,
I78C84F85,new,b51fd3de59c4450ca3085bf3cd46c087,747,765,747,765,keep,1,False,
I78C84F85,new,8e4559038dc9423ab8ef74cb0cf8942c,2669,2749,2669,2749,keep,1,False,
I78C84F85,new,7396b1cf15b045c98c5eb4a18fa8955e,17814,17845,17814,17845,keep,1,False,
I78C84F85,new,84d6b9606b8b47de8e758d1d329e7487,19661,19748,19661,19748,keep,1,False,
I78C84F85,new,8e066f05e248478d9da3d617d6c8c0c4,28014,28108,28014,28108,keep,1,False,
I78C84F85,new,a0ad0cfadf104721a65dff1de3a6b569,31046,31076,31046,31076,keep,1,False,
I78C84F85,new,3681255a3cc447d1b64974c12980e691,31644,31668,31644,31668,keep,1,False,
I78C84F85,new,928050e3e73c4ae1bd1ea7185fa383da,32666,32682,32666,32682,keep,1,False,
I78C84F85,new,5adac0f2f45d4fc08bb3b90eb02cae50,34785,34811,34785,34811,keep,1,False,
I78C84F85,new,61fd9778b6974bd38528a19eacb62139,37149,37242,37149,37242,keep,1,False,
I78C84F85,new,799291dbb74048d282e895f5fa4bafe0,37592,37638,37592,37638,keep,1,False,
I78C84F85,new,6be319268eab475689204856333d1566,48173,48197,48173,48197,keep,1,False,
I78C84F85,new,dd8d976067f045a49ef710a3a7b9dd89,49535,49582,49535,49582,keep,1,False,
I78C84F85,new,cecf760630b24c00b8574f94f5893c49,50583,50602,50583,50602,keep,1,False,
I78C84F85,new,d367dccaf7c94019bf1766235eadaa68,55370,55434,55370,55434,keep,1,False,
I78C84F85,new,5992d1b87d174721a41e5b1f9d034bac,58550,58613,58550,58613,keep,1,False,
I78C84F85,new,1f967ae109da422c83723a58e3498fc8,65767,65827,65767,65827,keep,1,False,
I78C84F85,new,b54b2d0017544744a3a0f2d2e7fa48c3,66495,66566,66495,66566,keep,1,False,
I78C84F85,new,987f765101bb437b8daa70e035d76546,69289,69343,69289,69343,keep,1,False,
I78C84F85,new,cbb0929aabef4db69c1b3f7af3d6623c,72539,72592,72539,72592,keep,1,False,
I78C84F85,new,30ccec95e32e4e7d823f3e0d3fd5aaf7,75574,75675,75574,75675,keep,1,False,
I78C84F85,new,95f06d80380841b8a8fced4115aa69ed,84596,84663,84596,84663,keep,1,False,
I7989272E,new,bd3bead1f2fc4ad6a78d73fbfc0b8dbd,42921,42982,42921,42982,keep,1,False,
I7989272E,new,fa3f16980d5841d9935f06acfec424e4,50462,50522,50462,50522,keep,1,False,
I7989272E,new,1182edc47d0444dca0cc0d259f3617b9,56074,56138,56074,56138,keep,1,False,
I7989272E,new,57d4380ad18e4c5e88dc41b313f1f039,89002,89078,89002,89078,keep,1,False,
I79F57A79,new,5f3da028b0714eca929f89320f1e4f71,135,216,135,216,keep,1,False,
I7A79CC95,new,da0bc587e46b49bcbc49931d9d7f74e2,262,267,262,268,end+1,1,False,
I7A79CC95,new,e7054232cfb84574bffac7839960e3a0,2300,2337,2300,2337,keep,1,False,
I7A79CC95,new,c1ccf5d8a9614fb4a867cb28a2f790f4,25382,25455,25382,25455,keep,1,False,
I7A79CC95,new,07033ea03a444c8fbdccb16058031d00,26591,26706,26591,26706,keep,1,False,
I7A79CC95,new,08c5c8ad66184cdb9447661d723c3604,39560,39638,39560,39638,keep,1,False,
I7A79CC95,new,7a90b85fbf6a4319800edd5d477e97aa,82921,83002,82921,83002,keep,1,False,
I7A79CC95,new,6030bd1317764f8fb045ce432ffd597f,84031,84150,84031,84150,keep,1,False,
I7A79CC95,new,a781e77da8a74c62a2b7921950a54ca4,85384,85460,85384,85460,keep,1,False,
I7A79CC95,new,822a80e00f39429b9908cfb0e8cf71fc,100129,100198,100129,100198,keep,1,False,
I7A79CC95,new,2acd9c3f31464e7ba747fd2f8157b479,109411,109506,109411,109506,keep,1,False,
I7A79CC95,new,437b2a5872574edea5aa9fb2f8dd76b6,113871,113947,113871,113947,keep,1,False,
I7A79CC95,new,252ab13989ad469e826b37eede347746,117797,117842,117797,117842,keep,1,False,
I7A79CC95,new,5eb73b72278f4da09c5aaa0d88e261ed,123333,123405,123333,123405,keep,1,False,
I7A79CC95,new,05c057fe250a4e91917fa37a5dabdd31,127190,127303,127190,127303,keep,1,False,
I7A79CC95,new,6fab33b4bb7042ae98f585d4114d8984,143929,144005,143929,144005,keep,1,False,
I7A79CC95,new,e6630ab1499a47faa8a746b22ed78135,144514,144534,144514,144534,keep,1,False,
I7A79CC95,new,42d3adc91ccf4f51abec3e718b98e741,144936,145012,144936,145012,keep,1,False,
I7A79CC95,new,e7ed1f025dda43f4bb8ac9571ffaa3a8,195352,195492,195352,195492,keep,1,False,
I7A79CC95,new,49480e8138aa4e33a2aaf019bd221b36,259366,259462,259366,259462,keep,1,False,
I7A79CC95,new,9debc4e2f86446f88f556c5ca8c6a6d0,362956,363168,362956,363168,keep,1,False,
I7A79CC95,new,8d063f2b2ea94d26a17630892966ba11,485717,485812,485717,485812,keep,1,False,
I7A79CC95,new,7e1b109740b244d3ac61cd939b6fe03d,530878,530964,530878,530964,keep,1,False,
I7A79CC95,new,0911588066984b43848ab880b58b2074,560402,560473,560402,560473,keep,1,False,
I7A79CC95,new,11b785b4ecc44a56a89e2f782d87edae,561743,561847,561743,561847,keep,1,False,
I7C0B99BB,new,6c326bb6295743cdb4eea967ff2ee1e6,156,255,156,255,keep,1,False,
I7D476A8B,new,0ee6c7b959a64c0caad83cddc4e3a891,258,275,258,275,keep,1,False,
I7D476A8B,new,25e279a2251148d7ace49bf6f0753b71,4296,4382,4296,4382,keep,1,False,
I7D476A8B,new,9954427da2d441f89353a7e86c5b515d,129657,129735,129657,129735,keep,1,False,
I7D476A8B,new,c7dee343132f45e4881ca5582bc55eb4,239330,239350,239330,239350,keep,1,False,
I8006C360,new,dd1b84d0b981445c9ccdc20a0c22526e,0,67,0,67,keep,1,False,
I8222749E,new,4bddafbf5c4f45769d1595daa20fc730,119,198,119,198,keep,1,False,
I82AB29CD,new,9637ea13290342a98947e5991e5cdbb8,73,179,73,179,keep,1,False,
I849C345E,new,96c8d89d459945d28661e4fee91c37ef,194,211,194,211,keep,1,False,
I849C345E,new,f04b22e206d04de585f2bd6c6cb60ab1,13942,14006,13942,14006,keep,1,False,
I849C345E,new,00f6a11fef8b4f8a8016b7466cf49ac7,18272,18354,18272,18354,keep,1,False,
I849C345E,new,eb39148b47cf491599de9d105ed55db0,34096,34164,34096,34164,keep,1,False,
I849C345E,new,6c8343124cd9443ab3369ab151b8aeba,78996,79047,78996,79047,keep,1,False,
I849C345E,new,0f11e1ef3d2a40b080c82a17a4c7a6c0,97342,97446,97342,97446,keep,1,False,
I849C345E,new,93473b7f62444bfd8cddfd9dcbdf3364,123634,123679,123634,123679,keep,1,False,
I849C345E,new,e920776c96434bdfae8345a6ac967006,132682,132779,132682,132779,keep,1,False,
I849C345E,new,02c8348e049c4bad95f4a47ffcd4f5fb,154856,154898,154856,154898,keep,1,False,
I849C345E,new,f48e6a563f6d4bffbef54c041f182ff4,157920,157980,157920,157980,keep,1,False,
I849C345E,new,ce5f4b63a54441ddab18c30ba643949f,185939,185967,185939,185967,keep,1,False,
I849C345E,new,2d1a3347020242f5b55753f323bd9ddf,198581,198646,198581,198646,keep,1,False,
I849C345E,new,f049d62711f84d2d9399689754d23dc0,207381,207445,207381,207445,keep,1,False,
I849C345E,new,a8f0d40b7f454c589432b24b083487d3,222948,223053,222948,223053,keep,1,False,
I849C345E,new,9b6e856b5fe04f3eb8f693d710e35e5a,233658,233675,233658,233676,end+1,1,False,
I85485484,new,c2ad19ef271344908337864788dde308,83,216,83,216,keep,1,False,
I85C28EDA,new,a12f280bdb5b41a69e417cdf891dce48,0,51,0,51,keep,1,False,
I85C28EDA,new,81db9249119a48dc9b79b7839f0bf587,53,72,53,72,keep,1,False,
I85C28EDA,new,30bf10d1753a4e449395542895135f54,74,102,74,102,keep,1,False,
I85C28EDA,new,5148eef8a6a04dd7821cc82400098deb,104,195,104,195,keep,1,False,
I85C28EDA,new,6f351dfa0ff94136ac98e2fa77751e2c,230,252,230,252,keep,1,False,
I85C28EDA,new,db3d6d40ea374c47a580770b26949c97,289,388,289,388,keep,1,False,
I85C28EDA,new,f60396dc6a604c20bf60e5dfdff7a376,420,568,420,568,keep,1,False,
I85C28EDA,new,bb9fae635d854e1ebf0755716c0068ab,605,610,605,611,end+1,1,False,
I85C28EDA,new,216ff48e5b1a41049c57cef0de2f0ddf,1658,1675,1658,1675,keep,1,False,
I85C28EDA,new,299a616882d24b0183bc4e4449208695,6138,6234,6138,6234,keep,1,False,
I85C28EDA,new,22a2c08239694e26bfe09dac44377415,66695,66722,66695,66722,keep,1,False,
I85C28EDA,new,89122d03dc72491babde864bf2e89f9e,84168,84273,84168,84273,keep,1,False,
I85C28EDA,new,4594a3ff55554c0ab00a75e3836c88c9,103441,103466,103441,103466,keep,1,False,
I85C28EDA,new,d10c635467ff44d880d39d5d31106b06,109160,109272,109160,109272,keep,1,False,
I85C28EDA,new,4739268fcc884ea4a918b6e1eb7f08d3,143341,143386,143341,143386,keep,1,False,
I85C28EDA,new,a73818227cb14c5fbce750b6d2001172,161759,161857,161759,161857,keep,1,False,
I85C28EDA,new,7fedfb2c71cf4407a51b3dc0a79fa378,161859,161882,161859,161882,keep,1,False,
I85C28EDA,new,f83773296da94dd7937e719b22c8d6dd,162198,162222,162198,162222,keep,1,False,
I85C28EDA,new,65c94fe46fb848879c575b8913f0913b,162498,162522,162498,162522,keep,1,False,
I85C28EDA,new,8aef6859105e4b5a9bac46f7f17f6c57,162738,162761,162738,162761,keep,1,False,
I85C28EDA,new,b3caf1d4fc7c4f0589b8ecdd6f3e86ac,164648,164665,164648,164666,end+1,1,False,
I8698A1DF,new,8900bf2fee4842cea0f758ad11a0a374,132,149,132,149,keep,1,False,
I8698A1DF,new,8899e9a2f3314397b7dd9757a0ca9915,1481,1543,1481,1543,keep,1,False,
I8698A1DF,new,b472066e450e473b9e7ab80ce88b4425,66833,66891,66833,66891,keep,1,False,
I8698A1DF,new,127991fd53564b17abf340e11be95615,90263,90294,90263,90294,keep,1,False,
I8698A1DF,new,fde2eae43cc148d3bbb175b391d2aca6,94609,94637,94609,94637,keep,1,False,
I8698A1DF,new,6fc826c5602246dbb7cc0e6df620e28e,95421,95488,95421,95488,keep,1,False,
I86E4558F,new,d40f5b50997f480c95d70886095e117f,108,170,108,170,keep,1,False,
I881A57E8,new,c902b0f11cc2425f9e0d3f33b0908238,263,272,263,272,keep,1,False,
I881A57E8,new,4778e7e3358448fa8fcd90d8a402c656,564,582,564,582,keep,1,False,
I881A57E8,new,51ec195d2f054bc19fa6240f214303ca,9620,9636,9620,9636,keep,1,False,
I881A57E8,new,cdc4c2ecdfc347928fee0b2806250f7a,10691,10727,10691,10727,keep,1,False,
I881A57E8,new,d01ca4b1ea0840d8833b29a79f68f6dd,43832,43863,43832,43863,keep,1,False,
I881A57E8,new,be948e3e07fb4f9d80963c047d5cb644,61931,61946,61931,61946,keep,1,False,
I881A57E8,new,55db31ed05754984833816a959c1c534,63434,63468,63434,63468,keep,1,False,
I881A57E8,new,ed2347a11b8b463e8369fc38830570ef,77491,77517,77491,77517,keep,1,False,
I881A57E8,new,0717e288b9b34c4b91bb1fa69c7d85d9,97935,97958,97935,97958,keep,1,False,
I881A57E8,new,5f80767bfa874e97ade39fb1b81f44df,121287,121346,121287,121346,keep,1,False,
I881A57E8,new,4c70b72296954ddd800c736acd166757,122605,122613,122605,122613,keep,1,False,
I88977D82,new,02763dca12484c7ba2181af7a35269cd,451,456,451,457,end+1,1,False,
I88977D82,new,afdea79797c546cc884576328705d80e,2925,2942,2925,2942,keep,1,False,
I88977D82,new,1c89a0ebc8694b50a79e8bfe8678e486,243435,243452,243435,243453,end+1,1,False,
I88CF073C,new,ddfd8dae8c084731b688fe7ac1ee4a45,134,151,134,151,keep,1,False,
I88CF073C,new,ca2e028a861644e184b68c38cb83bf58,5363,5400,5363,5400,keep,1,False,
I88CF073C,new,6b8d666a8a454080903d5a0076334840,10048,10100,10048,10100,keep,1,False,
I88CF073C,new,907e08032769479eb6b2bb4271f7520c,12256,12310,12256,12310,keep,1,False,
I88CF073C,new,ab6b58275f43429b80c42d29f7834dc9,17896,17978,17896,17978,keep,1,False,
I88CF073C,new,335a13a94fdf4910b5cf37c444934ade,19415,19471,19415,19471,keep,1,False,
I88CF073C,new,7c3a30631e7f4492aa5c547046dcb864,22963,23061,22963,23061,keep,1,False,
I88CF073C,new,d435e5e8e3554e7b989edd9ccac9d6ec,28331,28379,28331,28379,keep,1,False,
I88CF073C,new,0c7161005f42410ca808c644e787fa4b,33204,33241,33204,33241,keep,1,False,
I88CF073C,new,18406cc33bcd4d698150ea8fb00183f3,38983,39022,38983,39022,keep,1,False,
I88CF073C,new,78ab28d634924e419f4adbea0b7e1eaf,53644,53700,53644,53700,keep,1,False,
I88CF073C,new,e9b350910b434ce5861b12955853d7eb,58750,58839,58750,58839,keep,1,False,
I88CF073C,new,88eb43609ef341d192750b2a0a1eee54,67160,67205,67160,67205,keep,1,False,
I88CF073C,new,2ddb42c39c0a4e65bcfcd9362b5fed44,73802,73869,73802,73869,keep,1,False,
I88CF073C,new,60a3d90136a341d8b0b20e5ace027f3d,95125,95165,95125,95165,keep,1,False,
I88CF073C,new,c392c36f868742f0844f23bfd1ab5eb3,121556,121580,121556,121580,keep,1,False,
I88CF073C,new,20a14f1e6cd24db08f137e1443374f3b,131294,131328,131294,131328,keep,1,False,
I88CF073C,new,d4378005f4074e31a2f967fd5c991c01,145422,145496,145422,145496,keep,1,False,
I88CF073C,new,506acdc66c6747aeac970890bf405762,147615,147698,147615,147698,keep,1,False,
I88CF073C,new,43340b46f941490e97cc1e1f2389c10a,149046,149116,149046,149116,keep,1,False,
I88CF073C,new,d078149f5b1640b391d57d1682e52acf,156233,156295,156233,156295,keep,1,False,
I88CF073C,new,4f6574a4f2694e5fb2c2c6329771ecaa,192583,192605,192583,192605,keep,1,False,
I88DA3111,new,cbe460a0837b4693afa4ccc0a83d0923,163,280,163,280,keep,1,False,
I895C519A,new,3f25ce019c714cec88d66fa00c6af93e,133,267,133,267,keep,1,False,
I8961718B,new,f8c74fde674a410ea78dc02e9eb53c3c,171,176,171,177,end+1,1,False,
I8961718B,new,bf224c1ff98a471aaebbdc850b528871,2183,2208,2183,2208,keep,1,False,
I8961718B,new,d2acacfe5c7e4624b9a462073d4d5418,2711,2749,2711,2749,keep,1,False,
I8961718B,new,f1a51d56d5dc4687995af57db5811205,36540,36569,36540,36569,keep,1,False,
I8961718B,new,5ee061dbb8604ad8968e96bd562a4aae,75786,75804,75786,75804,keep,1,False,
I8961718B,new,132e028498f1480c803f047a570a0135,144599,144626,144599,144626,keep,1,False,
I8961718B,new,f4baa3fa9e02471fa6bc61d5aaba7897,169904,169920,169904,169920,keep,1,False,
I8961718B,new,7e58f0cf0c2945ca86b4e83cb1baf43e,188460,188495,188460,188496,end+1,1,False,
I8961718B,new,3a56c03ac9a34df6a4e47999cc40fd18,203535,203560,203535,203560,keep,1,False,
I8961718B,new,b00b69b05eba4cdd9b47a212f595cf20,249494,249514,249494,249514,keep,1,False,
I8961718B,new,4ac71603377e446293af4b72d931fb69,257842,257860,257842,257860,keep,1,False,
I8961718B,new,438deae5bd2f41a6af39df2c57f36fe0,277344,277362,277344,277362,keep,1,False,
I8961718B,new,8de9de5af69c494499129383d955bcf8,281582,281591,281582,281591,keep,1,False,
I8961718B,new,571b41e867394198b30ee30a40fd8406,286719,286736,286719,286737,end+1,1,False,
I8994AAB2,new,628e4817ee21461d8fb7cd7d405ebb99,184,189,184,189,keep,1,False,
I8994AAB2,new,7d3cfe13c1de426dbbfe5c8a10f82c72,236,241,236,242,end+1,1,False,
I8994AAB2,new,06334edf432a48f8b3c32b6908eece99,320726,320743,320726,320744,end+1,1,False,
I8995895C,new,7a8076f1777b46d887bfe19d9422f382,0,41,0,44,end+3,1,False,
I8995895C,new,65f6de45b2de4bfa971ed09dc75a77d9,132,177,132,177,keep,1,False,
I8A57AE06,new,c9be8dff0de64f1a8f87b0a584599b91,72,194,72,194,keep,1,False,
I8B49E87B,new,4ceae8bbeeeb484da89c3cdd659555dc,1110,1127,1110,1127,keep,1,False,
I8B49E87B,new,e0095bc9a6f64c87906230792d91ef09,5505,5606,5505,5606,keep,1,False,
I8B49E87B,new,03ced079a5f046acb030d4a1b996a769,29654,29706,29654,29706,keep,1,False,
I8B49E87B,new,9e5ac43af58f4afebb703601873ad160,33950,34016,33950,34016,keep,1,False,
I8B49E87B,new,68be03bd907f4c7fa5be7195db2ba4ff,44531,44566,44531,44566,keep,1,False,
I8B49E87B,new,a9468689acde4bad862618a7f7f2ba1f,75958,75993,75958,75993,keep,1,False,
I8B49E87B,new,45260b17580c4acd972f6dc9156d4457,95992,96048,95992,96048,keep,1,False,
I8B49E87B,new,8c95e33dff6245c7916569d55b23e1eb,118836,118867,118836,118867,keep,1,False,
I8B49E87B,new,7afee0bc62a941c7abe83f3f4672856e,151390,151433,151390,151433,keep,1,False,
I8B49E87B,new,34fb2a0dbe5544d9b3744515966c3be0,153779,153864,153779,153864,keep,1,False,
I8B49E87B,new,3f88927ba61041e6a1ee595e8fbfada4,196721,196768,196721,196768,keep,1,False,
I8B49E87B,new,77ebfad681a541668baff2af0bb774ab,199240,199286,199240,199286,keep,1,False,
I8B49E87B,new,f40363cd13e643edb9a97e4bb54b7459,204547,204628,204547,204628,keep,1,False,
I8B49E87B,new,3986f2fc56d44ad0a65e64175cd9f267,238889,238981,238889,238981,keep,1,False,
I8B49E87B,new,84587ab34b1f4daea905e86e9d054bcc,313545,313562,313545,313563,end+1,1,False,
I8CEEFEFC,new,ce71077bffb24a62b55d7a1abc882c05,143,236,143,236,keep,1,False,
I8D5C7CB4,new,7a025459b1dd459cb3b691e43c4d02cc,52,138,52,138,keep,1,False,
I8D6D2565,new,35d72ef369d64b67a352dbf881d243f5,65,127,65,127,keep,1,False,
I8E747E8E,new,8b2ae92c3a004ac29dced4f8b54fd244,129,212,129,212,keep,1,False,
I8EC6D8E9,new,3c89ac2788144f38a589c3854d191786,157,259,157,259,keep,1,False,
I91949F99,new,7fc177ffb6a04b49bde4f0af1120ea4c,5396,5413,5396,5413,keep,1,False,
I91949F99,new,4b42c2ec11924e25bccfb42b24c8a98e,10923,10968,10923,10968,keep,1,False,
I91949F99,new,599c14ed053b43a691a0985023ca2cf7,254934,254951,254934,254952,end+1,1,False,
I920AA7AC,new,079e72bec37a460aa39f5b882e1fd215,201,206,201,207,end+1,1,False,
I920AA7AC,new,cc313560372f419284ed262ef1c59d42,3434,3451,3434,3451,keep,1,False,
I920AA7AC,new,dec25834b07c4073ac9ee30730ab05ac,8844,8928,8844,8928,keep,1,False,
I920AA7AC,new,6e261b741d4a428ca94083d83125fff3,334840,334857,334840,334858,end+1,1,False,
I9434034F,new,05cfea31be4942bc901f8aa7c231adb5,158,229,158,229,keep,1,False,
I9434034F,new,41ae1067e64d46afa70712335c05d6e8,231,356,231,356,keep,1,False,
I9658BC87,new,1d54ad52d37d42ecb66b9fefa5605612,0,72,0,72,keep,1,False,
I9658BC87,new,adb32c8dea9447438333212dfc57b0e0,126,199,126,199,keep,1,False,
I9658BC87,new,75e3e02c94ba445bbca9b766e0e8ff04,201,273,201,273,keep,1,False,
I9658BC87,new,bd41c8c87ec84c8ba2636ceb243e1c2d,275,381,275,381,keep,1,False,
I9658BC87,new,06dddde357f349d29a732b7882df4833,383,500,383,500,keep,1,False,
I9658BC87,new,0c5e8cd96a30420a8321c08942ce5606,502,555,502,555,keep,1,False,
I9658BC87,new,1072488e719340af8d9038400d391ea0,557,616,557,616,keep,1,False,
I9658BC87,new,2df250faa15241768847decef8f805ec,618,676,618,676,keep,1,False,
I9658BC87,new,4223e3ee36c7401e96ea325b4b0e914c,678,741,678,741,keep,1,False,
I9658BC87,new,ac415d61e5824bc4bc05633ec1af6c94,743,802,743,802,keep,1,False,
I9658BC87,new,e8e02fddafb045c79c95999bf060b88d,804,862,804,862,keep,1,False,
I9658BC87,new,4a8bc8ecaa66445f9603abb28429d21f,864,931,864,931,keep,1,False,
I9658BC87,new,dfa87d05ee734054974ad7cc05d2aa05,933,1005,933,1005,keep,1,False,
I9658BC87,new,843d7b4259b04c64adc900821ef6e1fa,1007,1075,1007,1075,keep,1,False,
I9658BC87,new,8837ac2e6e3d4d54bc61efa6b2f2c11c,1077,1152,1077,1152,keep,1,False,
I9658BC87,new,4c25b28a8c4f40ea9da225ef77f04d41,347742,347807,347742,347807,keep,1,False,
I9658BC87,new,63f444de7f674ce98e55e5da82d0ac39,347809,347873,347809,347873,keep,1,False,
I9658BC87,new,f87a1eeeeeba466eac59401014c6cd14,347875,347942,347875,347942,keep,1,False,
I9658BC87,new,c2d60bb5fc4943e99a7b70cf1bce9a2c,347944,348004,347944,348004,keep,1,False,
I968B73EB,new,caabe7fe461246db999008b39552480e,229,352,229,352,keep,1,False,
I9779A606,new,03b649d7c7db44339a30c717962cad6a,0,66,0,66,keep,1,False,
I9779A606,new,546b46d54f6b4bc0b700623ea3844229,258,275,258,275,keep,1,False,
I9779A606,new,7f1746a2ff33467588d0d374a00d3b3a,318636,318653,318636,318654,end+1,1,False,
I97B90DC0,new,b3fee76733224680a7402aa806850f41,105,178,105,178,keep,1,False,
I97B90DC0,new,a423ae774b744d44a424691463dffdae,210,358,210,358,keep,1,False,
I97B90DC0,new,70334c776ab844cea06ec9316f69cb35,390,473,390,473,keep,1,False,
I97B90DC0,new,98ffdb6f2d4e4d87b613a61ff7bd7ef3,506,511,506,512,end+1,1,False,
I97B90DC0,new,a5a5dc6fe339425cbd4bc1261d1d217a,2827,2844,2827,2844,keep,1,False,
I97B90DC0,new,00974049cb5a444fbc2483fd20a4534a,15669,15747,15669,15747,keep,1,False,
I97B90DC0,new,72a401c418ba449293842fc34d727be1,80148,80301,80148,80301,keep,1,False,
I97B90DC0,new,15c755de85774d63adad83ee4ac4a401,120440,120526,120440,120526,keep,1,False,
I97B90DC0,new,0812bdea763e4b4ea10e643a909d3699,233652,233671,233652,233671,keep,1,False,
I97B90DC0,new,39426c0fdeb14983aec918a7c6de2dfb,241336,241356,241336,241356,keep,1,False,
I97B90DC0,new,520ae83061f9400ca50af25144f134f8,255875,255889,255875,255889,keep,1,False,
I97B90DC0,new,a36e6a3561224a2f8049a27faed7f4e3,295022,295036,295022,295036,keep,1,False,
I97B90DC0,new,1733cf45cef743769725fc56fad6e83b,298312,298329,298312,298330,end+1,1,False,
I9811592F,new,77c825e4d0ee47caa2cbfd59237b120e,131,204,131,204,keep,1,False,
I98D03292,new,37a8f4c2979a4555b3ac747c24f3e30e,216,221,216,222,end+1,1,False,
I98D03292,new,1d79c7e44471455296614b3102ee6ec4,9529,9546,9529,9546,keep,1,False,
I98D03292,new,ab189681b3c248c08e60c4b91c5055b6,15953,16135,15953,16135,keep,1,False,
I98D03292,new,45da196abb904e9abfd72720b78167c0,409350,409457,409350,409457,keep,1,False,
I98D03292,new,61a7a6f2439b45eb80ca03bd6f3d9e46,410379,410396,410379,410397,end+1,1,False,
I99DF06AA,new,0a2d7e33716545229c1d3f58eb7eec15,239,359,239,359,keep,1,False,
I9AEEF96A,new,214af8eccb224d3dbf2a3cb905c5e9dd,116,233,116,233,keep,1,False,
I9B6A4525,new,f03e7edc011a491fb9cebe9ef35a12e7,77,153,77,153,keep,1,False,
I9B6A4525,new,0c8ccc22cd09458298410f7686162f18,2135,2142,2135,2142,keep,1,False,
I9B6A4525,new,6080d4f7ce07433b8e0e1651c2789856,2144,2158,2144,2158,keep,1,False,
I9B6A4525,new,7ae976445cc641f7864d0ac622a1cfdf,37209,37246,37209,37246,keep,1,False,
I9B6A4525,new,4c251c631f2443f3a7a47b8971d49153,52152,52180,52152,52180,keep,1,False,
I9B6A4525,new,8eb89639317b4f75b2178fcfd18cf7e5,82070,82101,82070,82101,keep,1,False,
I9B6A4525,new,72ac2706e02f49e1b48d315a58280aba,124159,124198,124159,124198,keep,1,False,
I9B6A4525,new,62c3a08da4b44b23a97c56a4cb9adc85,155031,155060,155031,155060,keep,1,False,
I9B6A4525,new,69d172ba36fb461bb8c7aa0383060955,201599,201632,201599,201632,keep,1,False,
I9B6A4525,new,ab646947e97b431b9a769aa364368900,221729,221765,221729,221765,keep,1,False,
I9CB71958,new,fdace68676ee452983c7353feb20ce40,104,111,104,111,keep,1,False,
I9CB71958,new,1b41361cb0c84ab58cc5004e0a3215e5,704,782,704,782,keep,1,False,
I9CB71958,new,47595ea12a9e4357bed2e1d6bc771868,9557,9618,9557,9618,keep,1,False,
I9CB71958,new,c7229381f32044fbba61e4bcef85549a,10311,10318,10311,10318,keep,1,False,
I9CB71958,new,8f150d282fc44901b886df47ed5061c7,11728,11763,11728,11763,keep,1,False,
I9CB71958,new,0e84b8b6b0dc42a2ba20cd3b5f4737ea,14131,14177,14131,14177,keep,1,False,
I9CB71958,new,326c042a31e74c70be39d40e04103f4f,16059,16095,16059,16095,keep,1,False,
I9CB71958,new,340154ff554b47c1ab3a0da2df3a77fb,16927,16964,16927,16964,keep,1,False,
I9D9C7AC9,new,4e732c95479e491b8e940aa667d9ebc0,238,426,238,426,keep,1,False,
I9DF09DD3,new,2dac1ae48017411590bc81102457529f,150,242,150,242,keep,1,False,
I9EE3E92B,new,c2d2ab697ab543cd80840be9826ac894,131,238,131,238,keep,1,False,
IA3DD1ADA,new,e4648163f0bc4e4d82015b5fc6cb6908,82,215,82,215,keep,1,False,
IA473D353,new,26fcd359b0d040bca864a93360d99456,105,110,105,111,end+1,1,False,
IA473D353,new,09cb72a4bffd4ef7aff7bf77c3a68387,169,221,169,221,keep,1,False,
IA473D353,new,641ad8ed8de24090ae9143e94b63f035,461,489,461,489,keep,1,False,
IA473D353,new,ed882a222cfa42b48f12b8bf297c2f30,1305,1327,1305,1327,keep,1,False,
IA473D353,new,bd055fad953b47ca9327979335ba86f3,1329,1334,1329,1334,keep,1,False,
IA473D353,new,28b455dfc8d0422caf7881ad6eb6174e,10296,10340,10296,10340,keep,1,False,
IA473D353,new,b0b0997ffa474a83aef9bcd8dbd853a7,82283,82311,82283,82311,keep,1,False,
IA473D353,new,f9f5bfe4b2e94e088223638545098b24,106048,106087,106048,106087,keep,1,False,
IA473D353,new,045b895fceda489f822c62f27776f080,107818,107885,107818,107885,keep,1,False,
IA5AA757B,new,10056099583e45bd95be37467b4bd2b1,4638,4665,4638,4665,keep,1,False,
IA5AA757B,new,e87b79d510b4492a8fa6de8b54c72f2c,6056,6081,6056,6081,keep,1,False,
IA5AA757B,new,f6821c59da2640e992025bc44108d1b2,7968,7994,7968,7994,keep,1,False,
IA5AA757B,new,f54908f9b0394bb09bc800e87c12b76f,10167,10190,10167,10190,keep,1,False,
IA5AA757B,new,b738e1beaddb437d95505822e3c94202,11668,11693,11668,11693,keep,1,False,
IA736981A,new,200c2d3fa07f441f8e3a99428e241ad1,136,154,136,154,keep,1,False,
IA736981A,new,78a053de7f9244c0a9d627854cf54206,1381,1386,1381,1387,end+1,1,False,
IA736981A,new,1afe198594a44c2e87aca14224c019d5,57521,57540,57521,57540,keep,1,False,
IA83BAC6F,new,aa62ed62a8734a89a9764fce40a25e1a,107,170,107,170,keep,1,False,
IAA85B9B5,new,eac055d7e1044267a2b189dfde446522,115,230,115,230,keep,1,False,
IAAADCAA0,new,bc6f40c82ab64a0fbe56a7c52280c952,418,428,418,428,keep,1,False,
IAAADCAA0,new,9c480197dd3f4dff91f73127c15d4bb6,886,1011,886,1011,keep,1,False,
IAAADCAA0,new,0082ca98d9974caebf9479d9298a937b,1013,1038,1013,1038,keep,1,False,
IAAADCAA0,new,e2029f9f14964921860b9e30c3588cc3,36693,36769,36693,36769,keep,1,False,
IAAADCAA0,new,7dee50303451421eb945eb8e8488bd4c,39266,39356,39266,39356,keep,1,False,
IAAADCAA0,new,99b0f58199234e208d122e42088581c0,39358,39383,39358,39383,keep,1,False,
IAAADCAA0,new,5e2f19ec85e9477e8e110dfb3a49a628,73769,73792,73769,73792,keep,1,False,
IAAADCAA0,new,680e91ff5a3140cfb919e48c96dc983e,73794,73819,73794,73819,keep,1,False,
IAAADCAA0,new,4824971905904eceb5844e3b56c24913,87017,87084,87017,87084,keep,1,False,
IAB948889,new,1d468782a5424fc78f70b2534a6ce708,134,218,134,218,keep,1,False,
IABE7480B,new,fac0ee50976e4cf49e928faa51ffe94e,159,229,159,229,keep,1,False,
IABE7480B,new,83515c7be5614ccf8d06ad0ceaed2107,231,339,231,339,keep,1,False,
IACD4469E,new,9f7dc0ef159d426d85156a7f17231d61,134,218,134,218,keep,1,False,
IAE1E11E5,new,d43dadf31a0747089532e6101d03a3aa,137,142,137,143,end+1,1,False,
IAE1E11E5,new,0f5fefcd0b8f40dab3efe6957a0a1af9,1287,1303,1287,1303,keep,1,False,
IAE1E11E5,new,e5aafddaa07e4b2fa0651ba7f0ac9c45,2821,2839,2821,2839,keep,1,False,
IAE1E11E5,new,f68c9fac3aa94b8ba69ef21ea4fa8e58,7781,7822,7781,7822,keep,1,False,
IAE1E11E5,new,f081ecc97b344830858529904b785a89,14762,14858,14762,14858,keep,1,False,
IAFA8F999,new,b24b3eb1bdc14da9a5bd00d66957bc12,54,114,54,114,keep,1,False,
IB047F8C7,new,5f645ea1ede8464c9a0e0935b21a56c8,116,121,116,122,end+1,1,False,
IB047F8C7,new,b9aecdb5d61e4be0966a301382859fc4,177,230,177,230,keep,1,False,
IB047F8C7,new,8561ed919e5043be8b6b8737f2882087,1230,1247,1230,1247,keep,1,False,
IB047F8C7,new,bc4031522167472b896f5bac794e70aa,2161,2224,2161,2224,keep,1,False,
IB047F8C7,new,3fae02ef02d24d68aecabbe28cd4e936,2226,2242,2226,2242,keep,1,False,
IB047F8C7,new,6d20725d9c414bc193bbf836df700f19,7440,7509,7440,7509,keep,1,False,
IB047F8C7,new,401c3fed6ee64e3aa0e8c99e0c0003a0,271894,271961,271894,271961,keep,1,False,
IB2BA1922,new,ac1c062f6d34404489740ad745f0d096,125,180,125,180,keep,1,False,
IB2BA1922,new,866230d9ad6148088b9d9e9170ee7452,183,270,183,270,keep,1,False,
IB4534838,new,806f491a238a4316b2bdf7165a3562cd,151,249,151,249,keep,1,False,
IB45DE768,new,5514090bf02b4d29b556521546c04cfc,63,176,63,176,keep,1,False,
IB47565DE,new,ad682cb058b84cd8a8962d1150972064,67,95,67,95,keep,1,False,
IB47565DE,new,3b9b5be57a86492d9502eb626d9979f9,15726,15810,15726,15810,keep,1,False,
IB47565DE,new,6701e02eab194a039ea5c2d463f21bc0,20082,20141,20082,20141,keep,1,False,
IB47565DE,new,987d34ce179c4699ba3e223db1c70dfc,26599,26717,26599,26717,keep,1,False,
IB47565DE,new,d44107e725a3401d9563f872eb91bb6b,29984,30050,29984,30050,keep,1,False,
IB47565DE,new,f6bfe6ababc54c4ea3b7c1c1d6344843,44493,44555,44493,44555,keep,1,False,
IB47565DE,new,2eaf4e10498d4de88e202d7236913baa,49687,49771,49687,49771,keep,1,False,
IB47565DE,new,f5de142c462c41e791c7242c67735206,57694,57755,57694,57755,keep,1,False,
IB47565DE,new,ca732261563f44f4af500b25edfd556a,62566,62646,62566,62646,keep,1,False,
IB47565DE,new,366ff6226d3d4406acf1844d65ecbc1c,66675,66733,66675,66733,keep,1,False,
IB47565DE,new,38af17945d104374bfeeb8cbb2853efc,73456,73565,73456,73565,keep,1,False,
IB47565DE,new,bf1aa12e59f84bc98a88a0590fab51fe,76942,77007,76942,77007,keep,1,False,
IB47565DE,new,cf9efbc1b8db4535ab38a6f31017aada,81849,81896,81849,81896,keep,1,False,
IB47565DE,new,39fd8f4a96404dd59e82aa3b4a3c9a3c,85742,85847,85742,85847,keep,1,False,
IB47565DE,new,32a760db957b482d8c3e37b62221a001,89581,89652,89581,89652,keep,1,False,
IB47565DE,new,0894fead815243d5b8595e68cf6b33e8,93795,93871,93795,93871,keep,1,False,
IB47565DE,new,e920a6e309a346d38b9965d4c56869d0,96370,96451,96370,96451,keep,1,False,
IB47565DE,new,75802d3598cb4bf28eedaf6b8411d919,98965,99068,98965,99068,keep,1,False,
IB47565DE,new,2c8359ac40b346258f85dfe917ae38f1,101146,101205,101146,101205,keep,1,False,
IB47565DE,new,da9ec7549f15415bb572aa34e39f3805,105954,106041,105954,106041,keep,1,False,
IB47565DE,new,4c62b5a77562467198d8896aad3ec489,108106,108167,108106,108167,keep,1,False,
IB47565DE,new,63edc2b353f4437ea7ff964a5bb7ca3f,112965,113024,112965,113024,keep,1,False,
IB47565DE,new,2ea0e11bac764ea4905b263a3d216553,126368,126402,126368,126402,keep,1,False,
IB47565DE,new,17e151ce95ff43579906df1909eb3bfe,127421,127475,127421,127475,keep,1,False,
IB47565DE,new,b989876caa5640daa7eadbae735dcbd2,131867,131944,131867,131944,keep,1,False,
IB47565DE,new,1977e39e00ae4a05b7fc8033ccbc98f6,134093,134156,134093,134156,keep,1,False,
IB47565DE,new,972665c034b5483bada2d6edc5499af0,138993,139046,138993,139046,keep,1,False,
IB47565DE,new,169d5f10bf19406e99632cc6f744418e,143978,144068,143978,144068,keep,1,False,
IB47565DE,new,1f9cfa44ad214da2a307c826d8828952,147560,147633,147560,147633,keep,1,False,
IB47565DE,new,18e286c634e949218e905d0da03ec854,150070,150145,150070,150145,keep,1,False,
IB47565DE,new,15940bc79f91402492e7bdc176d0ccf3,153421,153449,153421,153449,keep,1,False,
IB47565DE,new,03dc8d5ac752499ab1629673e442b216,158605,158688,158605,158688,keep,1,False,
IB47565DE,new,dfbcf753199b49598bc965fb04554c2c,165347,165430,165347,165430,keep,1,False,
IB47565DE,new,b7827da90a35451d9e145e1bd0e0020d,172090,172183,172090,172183,keep,1,False,
IB47565DE,new,89707921946b431a9ff91f2ad7cc39af,175797,175833,175797,175833,keep,1,False,
IB47565DE,new,4917e39ec07842ee8ffa44ed60c788b7,179906,179970,179906,179970,keep,1,False,
IB47565DE,new,b40d668b2f684d05b9428ed908f831ef,187001,187061,187001,187061,keep,1,False,
IB47565DE,new,93d7220da08348ca90307a57797d5b2f,191681,191828,191681,191828,keep,1,False,
IB47565DE,new,3a7b6b7739484dc994660147b118af6f,231019,231132,231019,231132,keep,1,False,
IB47565DE,new,913e5e26b348410ab0b86d223e340236,255714,255840,255714,255840,keep,1,False,
IB47565DE,new,c0e5854bbc0a40068f300a5be61dfce5,261791,261867,261791,261867,keep,1,False,
IB4B89F9C,new,45a599b8e6ef4f99bbd2d930fd1687d0,0,100,0,100,keep,1,False,
IB4B89F9C,new,f2c45c59834e4eb5a8976ba67107a6fc,154,251,154,251,keep,1,False,
IB4B89F9C,new,f45da44e70344edfba686aaa8aa4b782,253,353,253,353,keep,1,False,
IB503BC08,new,4bbb735151bb426cabb70a8439f6f868,119,186,119,186,keep,1,False,
IB522F095,new,e74be7e0430b47c6bf6e384075d71929,1221,1245,1221,1245,keep,1,False,
IB522F095,new,85aa6bdfb413426b946f503343089081,1880,1895,1880,1895,keep,1,False,
IB522F095,new,2200cc4d88a24efc82b908ae3f9c9e23,5303,5321,5303,5321,keep,1,False,
IB522F095,new,b1ed44533f074b55936b9b23efe089e3,6993,7010,6993,7010,keep,1,False,
IB522F095,new,4271a10178da49d2addef3b47cbbdd61,8844,8861,8844,8861,keep,1,False,
IB522F095,new,8b84768771544046b6e744822febfb21,22017,22036,22017,22036,keep,1,False,
IB522F095,new,0a2634d916a04598853babc7c2d4315f,29593,29609,29593,29609,keep,1,False,
IB522F095,new,aabe1f4abcaf4a7eba5e72cfc4270ac5,37495,37509,37495,37509,keep,1,False,
IB522F095,new,db18187a2228488a9958d3e1d61e3a0f,48401,48407,48401,48408,end+1,1,False,
IB522F095,new,a0bb2ce5297e46b699e685e8bc7261e8,49004,49021,49004,49021,keep,1,False,
IB522F095,new,e575e64b2a484312865662e284359d79,83098,83133,83098,83133,keep,1,False,
IB522F095,new,be1aaef96bb147bc9907572c2597ef56,129057,129078,129057,129078,keep,1,False,
IB522F095,new,7bdb9796d2ad4b5c9d4a14102fdeacb6,132930,132946,132930,132946,keep,1,False,
IB522F095,new,ac79494e4f5f447b903d73525a8a05d7,141507,141528,141507,141528,keep,1,False,
IB522F095,new,86ff079ca0fd4ac8bfeb711f39a05de7,154334,154349,154334,154349,keep,1,False,
IB522F095,new,2ef0d533c0b14317ae461b1d3673538d,178732,178746,178732,178746,keep,1,False,
IB522F095,new,a34e46121f49471ab4fd4cb2a68e58b5,211381,211392,211381,211392,keep,1,False,
IB522F095,new,eefbf639b59c4ec685dae7566cbc2441,222941,222991,222941,222991,keep,1,False,
IB522F095,new,3d876b8dcead4ebd84b76bf3b7f2d529,223072,223093,223072,223093,keep,1,False,
IB522F095,new,1e71576da206428f952b5a4f98fc80d3,233850,233865,233850,233865,keep,1,False,
IB522F095,new,b2e66ea9696d4c8c92c7c3bea3e26b82,237008,237023,237008,237023,keep,1,False,
IB522F095,new,5a55564ed93d4d1aac2c5b190e56071f,259532,259550,259532,259550,keep,1,False,
IB522F095,new,76cc8b112bd54e1c86540f6bc305cddf,278694,278705,278694,278705,keep,1,False,
IB5F523B2,new,bf4f13ca5b344068befb3b470962cbf5,69,188,69,188,keep,1,False,
IB8D599AA,new,9f0c447ddebe4670865b98575f0d15e8,135,145,135,145,keep,1,False,
IB8D599AA,new,90d55933183d431da799f53f4019f8f3,603,631,603,631,keep,1,False,
IB8D599AA,new,eb2bfb4eb5684e7fa5eaeeed262e028f,2835,2845,2835,2845,keep,1,False,
IB8D599AA,new,f2ac393597a4481a82ab04272edef409,2847,2875,2847,2875,keep,1,False,
IB8D599AA,new,e84f6496e4b3491a8f15424cd38e2f1e,2908,2982,2908,2982,keep,1,False,
IB8D599AA,new,cce3ce6e961f46c3887035ece212f36e,2984,2991,2984,2991,keep,1,False,
IB8D599AA,new,c8f224a43bfe45859502e4a4beaf0c63,2993,3008,2993,3008,keep,1,False,
IB8D599AA,new,452f26b39cc048d1bb4f860d7e88fb03,3010,3027,3010,3027,keep,1,False,
IB8D599AA,new,30ed8a2aa5ce4c668d43c51bbe034a7f,3055,3076,3055,3076,keep,1,False,
IB8D599AA,new,720d2bee11ac480db0441047906b0287,3078,3093,3078,3093,keep,1,False,
IB8D599AA,new,001187ba24de4360938d61971dad09d3,3095,3111,3095,3111,keep,1,False,
IB8D599AA,new,5a2e57522dff403198e9147619b69ec2,3113,3136,3113,3136,keep,1,False,
IB8D599AA,new,7fbcffcb4f8b4eff8b643248cb6b7d59,3138,3159,3138,3159,keep,1,False,
IB8D599AA,new,b7f2b187c4fe4438892c7f0ed5fb720a,3161,3185,3161,3185,keep,1,False,
IB8D599AA,new,6d7e4e036d3d41479e0693ff1fdc278f,3187,3208,3187,3208,keep,1,False,
IB8D599AA,new,2da61b68c8774f229b4976f15fc66656,3210,3232,3210,3232,keep,1,False,
IB8D599AA,new,c74f088d82fc49949778478cfa946958,3234,3257,3234,3257,keep,1,False,
IB8D599AA,new,a667c12c1fcb42eab58c1280dac2808e,3259,3282,3259,3282,keep,1,False,
IB8D599AA,new,edd3d58eea624ac59b5e1733fd715d87,3284,3294,3284,3294,keep,1,False,
IB8D599AA,new,83736cef55aa4015a8059585b9cf64c5,3296,3317,3296,3317,keep,1,False,
IB8D599AA,new,9ddbabda4a87480fa7249e9693576111,3319,3336,3319,3336,keep,1,False,
IB8D599AA,new,3d43c3177c3d4017a1faf7a12d80104e,3338,3361,3338,3361,keep,1,False,
IB8D599AA,new,dfa1876c706e41edb58a67bc9667034c,3363,3384,3363,3384,keep,1,False,
IB8D599AA,new,707e175ba582454884633b734499ef4b,3386,3414,3386,3414,keep,1,False,
IB8D599AA,new,a461faa964a9480894227416a96e0821,3416,3444,3416,3445,end+1,1,False,
IB8D599AA,new,2f148b54d5824b24958de9841c232e4c,3446,3466,3446,3466,keep,1,False,
IB8D599AA,new,3564b10dc06c4695b3b6f9fe7a0a1772,3468,3498,3468,3498,keep,1,False,
IB8D599AA,new,6dbfc5ba0bb641db8504a165725bf64d,3500,3527,3500,3527,keep,1,False,
IB8D599AA,new,fe3b2df13df14b04aedfa4fb8fed6532,3529,3546,3529,3546,keep,1,False,
IB8D599AA,new,97664f188123429f967735f438f8f32f,3548,3567,3548,3567,keep,1,False,
IB8D599AA,new,bfc8d6b0bbf24a7d9da31a2a96527755,3569,3585,3569,3585,keep,1,False,
IB8D599AA,new,e67551c23457481f946a644dbfdecf19,3587,3606,3587,3606,keep,1,False,
IB8D599AA,new,bf78f2f05f424c6492490d78c1a827af,3608,3631,3608,3631,keep,1,False,
IB8D599AA,new,79025a037dd7403b9644fa6d6dc3f499,3633,3664,3633,3664,keep,1,False,
IB8D599AA,new,c84932d994894af88c05b79815f1fcff,3666,3691,3666,3691,keep,1,False,
IB8D599AA,new,656d4f253f484bdea598bd1b294cdcb4,3693,3711,3693,3711,keep,1,False,
IB8D599AA,new,942caaa943b34c25b0438455e587e6ba,3713,3753,3713,3753,keep,1,False,
IB8D599AA,new,ef178e5f989c4809943c9346439fa7f9,3755,3766,3755,3766,keep,1,False,
IB8D599AA,new,a8762ba49a0442d890593557d31a0036,3768,3815,3768,3815,keep,1,False,
IB8EEB9FB,new,3b3c44ecab3746e4aa79690743c52a00,156,253,156,253,keep,1,False,
IB8EEB9FB,new,6041c9fc83c048ddb4ce15f2c69b0e1d,18468,18559,18468,18559,keep,1,False,
IB8EEB9FB,new,f185506807f64cfe93e8fdcd744ad248,24908,24947,24908,24947,keep,1,False,
IB8EEB9FB,new,6905d79b0ab24c6abfe97eecef50f8cd,62780,62819,62780,62819,keep,1,False,
IB8EEB9FB,new,ef1ec3da6dc04747a80b7aab254c39c3,68138,68186,68138,68186,keep,1,False,
IB8EEB9FB,new,b20be0e6f0d94cb3a91f646a71d8839d,68524,68554,68524,68554,keep,1,False,
IB8EEB9FB,new,3d980807523d48e4b7f3b24d64b92919,84209,84231,84209,84231,keep,1,False,
IB8EEB9FB,new,0eb82b0fcec44541ac52418d10d38ce4,111449,111477,111449,111477,keep,1,False,
IB8EEB9FB,new,0de77939c69c4fb5985c31ceeb0a8ad2,138309,138342,138309,138342,keep,1,False,
IB8EEB9FB,new,dfca4466b0cd4bbf99817979c19acf29,160071,160110,160071,160110,keep,1,False,
IB8EEB9FB,new,e808ffb3a2bc4b179a748925e6d7f475,160368,160403,160368,160403,keep,1,False,
IB8EEB9FB,new,f478af290edf4f2a9b5434e17bb8ba17,194589,194618,194589,194618,keep,1,False,
IB8EEB9FB,new,135bd449e90b471c866ed31e728a8347,229034,229073,229034,229073,keep,1,False,
IB8EEB9FB,new,0fe0f90c71c2418cb57117b5ce816d81,245947,245980,245947,245980,keep,1,False,
IB8EEB9FB,new,5b56a311fc62452191ebaf7e323adc62,267713,267756,267713,267756,keep,1,False,
IB8EEB9FB,new,5e417a5a38fd423fb8c7d97b6405f3d8,320775,320785,320775,320785,keep,1,False,
IB8EEB9FB,new,ee2f4b0f418849468f2dafe5bfb62a48,325300,325310,325300,325310,keep,1,False,
IB8F4E5BE,new,cf8ff1fbd2734c3398c8dad77894d194,2043,2050,2043,2050,keep,1,False,
IB8F4E5BE,new,f92d51149b8f4422a184fd766415eb7e,5423,5433,5423,5433,keep,1,False,
IB8F4E5BE,new,258376c0e86647689f110f77888c0417,82036,82053,82036,82053,keep,1,False,
IB8F4E5BE,new,5791c46d6ef142c5a923312d888f3f2a,98555,98598,98555,98598,keep,1,False,
IB8F4E5BE,new,91ab1569ade84f548f09ce54564004a5,98600,98629,98600,98629,keep,1,False,
IB8F4E5BE,new,38037724a08f46e08ec18cc1bf987619,132703,132756,132703,132756,keep,1,False,
IB8F4E5BE,new,dd99dcf671c94002b59812fbe34743fc,137514,137556,137514,137556,keep,1,False,
IB8F4E5BE,new,1c4ba7caabcd4f7a9ce602ae2934641b,137558,137593,137558,137593,keep,1,False,
IB8F4E5BE,new,da60c83fbff74c2f93da15dfd2ad9483,144507,144575,144507,144575,keep,1,False,
IB8F4E5BE,new,50f21acb38e94799b999f8548545f6c6,144577,144728,144577,144728,keep,1,False,
IB8F4E5BE,new,9a05e8f52bf248ada8f2456a83a7ce52,144730,144765,144730,144765,keep,1,False,
IB8F4E5BE,new,f7b50393e2d74cd29f8de1a0fa67516b,693222,693290,693222,693290,keep,1,False,
IB8F4E5BE,new,8384dc7f7c5a4bdeb8eb9a3e50557399,693292,693371,693292,693371,keep,1,False,
IB8F4E5BE,new,cbb5531b6d7c4fbbba4a140117c3b0a5,915411,915425,915411,915426,end+1,1,False,
IB9CA8898,new,eb12c4184c1043af9c02dff4fda2c996,184,322,184,322,keep,1,False,
IB9CA8898,new,91cacccea0634714ba6b1e55a4806aac,25635,25719,25635,25719,keep,1,False,
IB9CA8898,new,27cc7e00e54742cc827395e5b088196e,25721,25852,25721,25852,keep,1,False,
IBB199AAB,new,b964fc263f93456a9c7214a6cb8aaae1,154,257,154,257,keep,1,False,
IBB812389,new,52eaa0946e7544668f837fd142633459,51,167,51,167,keep,1,False,
IBBB26EA1,new,ed152fd34ac44106ace9783d71ee901c,105,210,105,210,keep,1,False,
IBBFC3AAB,new,ca3488aa8d424ba4b2e7dd88cb76c227,120,200,120,200,keep,1,False,
IBC775AF6,new,6bffae3a82ff4b70aec1e6f64b73b77a,225,235,225,235,keep,1,False,
IBC775AF6,new,406a287eb3934390b8eb6269dea9a6ca,165165,165215,165165,165215,keep,1,False,
IBC775AF6,new,dfe3eb420fd541c4b31120a50af68177,169260,169322,169260,169322,keep,1,False,
IBC775AF6,new,859a07cf0d0e4f0da9daa020116fca74,281997,282014,281997,282015,end+1,1,False,
IBCF6B0BA,new,3a4188e0e1b542e893a22a3ce6eb4474,112,172,112,172,keep,1,False,
IBD1386A4,new,16731970864242309e2f33957b0374b6,96,167,96,167,keep,1,False,
IBD1386A4,new,7ce0da04e27d448b8cba4b4bf0f32ed9,4072,4163,4072,4163,keep,1,False,
IBF8C5BB6,new,9abdd8b8d127467faa4b97bce353062d,543,602,543,602,keep,1,False,
IBF8C5BB6,new,15cbbcd5a9dd4cbd999146dab8ae28d9,1958,2029,1958,2029,keep,1,False,
IBF8C5BB6,new,1ff1f9471b474e17b45ab395f37f45a5,17667,17722,17667,17722,keep,1,False,
IBF8C5BB6,new,87ca722023794b4da9901390e873631d,22500,22616,22500,22616,keep,1,False,
IBF8C5BB6,new,96af5872c99b4374bdaf0b389781f1e3,107251,107360,107251,107360,keep,1,False,
IBF8C5BB6,new,9c5de98cf1084d7781f3cb31b99ab441,147500,147609,147500,147609,keep,1,False,
IBF8C5BB6,new,60c4ad823a0b4b419f7d0ed82df95c32,191824,191860,191824,191860,keep,1,False,
IBFACCCDF,new,14698c11b4eb4efca09c6a74e7225dda,142,233,142,233,keep,1,False,
IC05A6BE0,new,e9bb4069f592480ba37030fc20fbc288,104,142,104,142,keep,1,False,
IC05A6BE0,new,42e4b689f0f343809494ee5f20e3ce41,16989,17028,16989,17028,keep,1,False,
IC05A6BE0,new,73ee9b16efce48968d42547dd4545c9a,25435,25469,25435,25469,keep,1,False,
IC05A6BE0,new,0f9c7c4a529d436484f40b718570f09d,38613,38649,38613,38649,keep,1,False,
IC05A6BE0,new,02c4ece54ea946a6a012fbc64d09576d,53148,53191,53148,53191,keep,1,False,
IC05A6BE0,new,fcec8a2988e74bf9aa50e9a11b627855,82597,82642,82597,82642,keep,1,False,
IC05A6BE0,new,a4a78d4aeaed4b66943828450cd73ce8,106657,106693,106657,106693,keep,1,False,
IC3A7006F,new,b72950eba08b409fbf5f05c03773bfc1,135,224,135,224,keep,1,False,
IC3A7006F,new,a91b9be1c2ce4d7b8a8528da1d5eeb73,226,315,226,315,keep,1,False,
IC3A7006F,new,b927690945924c13a011efb6034cdfb7,1146,1200,1146,1200,keep,1,False,
IC3A7006F,new,03955a913ac6402697423b4fdf7350fe,12528,12586,12528,12586,keep,1,False,
IC3A7006F,new,6b57d68900ea4c909fc72e0bbe52f3ef,17639,17692,17639,17692,keep,1,False,
IC3A7006F,new,2b49ee2529d5469fabc15f67fb73541f,26578,26634,26578,26634,keep,1,False,
IC3A7006F,new,9992764245cb46d8851cac075cd2dad4,36511,36568,36511,36568,keep,1,False,
IC3A7006F,new,3482af2d48b74a3fb06773abd7bf3344,48013,48063,48013,48063,keep,1,False,
IC3A7006F,new,3ca361eb2c1e4d2183b0aa7c3698f62d,56925,56978,56925,56978,keep,1,False,
IC3A7006F,new,abbbcf288c7a4a579cf7a575471e6953,64179,64228,64179,64228,keep,1,False,
IC421942A,new,2265acab00a94442b1077c46aa681655,138,221,138,221,keep,1,False,
IC555D0EB,new,76e0d1049498472d82ab4e267e6f2462,55,73,55,73,keep,1,False,
IC555D0EB,new,664b3b784e1543b5ad608ccc8ddc832c,75,188,75,188,keep,1,False,
IC555D0EB,new,eaf8a57b8a5842e4806b874de102ac77,1801,1818,1801,1818,keep,1,False,
IC555D0EB,new,c2a5c255944d45519a9f2b1724444c7f,299253,299270,299253,299271,end+1,1,False,
IC5CE7FE9,new,97978a598b324a58890528adfa7b0bfa,0,51,0,51,keep,1,False,
IC5CE7FE9,new,2f6f1932890e4a57bdc230a5006ea7ce,53,69,53,69,keep,1,False,
IC5CE7FE9,new,8c5237e53f644870bec1d51943bc21c7,71,182,71,182,keep,1,False,
IC5CE7FE9,new,043650de028d4c28ab0b280ced06db3b,184,190,184,190,keep,1,False,
IC5CE7FE9,new,23b78d52b282465a9037b62f902eb2c0,192,235,192,235,keep,1,False,
IC5CE7FE9,new,49e3b7dea1f8499a94edb1be78917ff2,237,242,237,243,end+1,1,False,
IC5CE7FE9,new,8c607d05d5164423a7e711d87e12fc6e,7772,7789,7772,7789,keep,1,False,
IC6F06BCD,new,b22e762211fa41ed9f3a8571f75dc652,133,237,133,237,keep,1,False,
IC6F06BCD,new,cb149c6fb1fd44898c752c3aa24a6281,272,369,272,369,keep,1,False,
IC6F06BCD,new,840eb329e0534318a30b8113a3564158,405,464,405,465,end+1,1,False,
IC6F06BCD,new,b8baecf23256464ea79e98a0503abc8e,496,574,496,574,keep,1,False,
IC6F06BCD,new,c39cf79a2fd54436a63314e246fd89ae,606,611,606,612,end+1,1,False,
IC6F06BCD,new,cd06a1c2f399458a80e0db9b2c75f195,2784,2801,2784,2801,keep,1,False,
IC6F06BCD,new,9ab4ef4cb8f24bc983f744f0fb2a69dd,252362,252380,252362,252380,keep,1,False,
IC6F06BCD,new,f8dbafd8e39e4485b354e9c89b2a27dd,265446,265468,265446,265469,end+1,1,False,
IC6F06BCD,new,edeb6ea0a9844141b003baccec53dfce,266361,266376,266361,266376,keep,1,False,
IC6F06BCD,new,9bcf93c47d9447d39ec8d7863f030803,269567,269584,269567,269585,end+1,1,False,
IC7A5FC73,new,80ea8a9dc29f44e1a7161eb114f7955b,112,183,112,183,keep,1,False,
IC87920B7,new,0749979fd3a94461bf20c54a7262c7ff,111,128,111,128,keep,1,False,
IC87920B7,new,8db0ba95827448a99b23156247387a15,161,228,161,228,keep,1,False,
IC87920B7,new,68186155d9c84258b1a2e73f61feca7e,265,331,265,331,keep,1,False,
IC87920B7,new,7a03d6058e6b4f1b9a03dad050dd11c7,367,418,367,418,keep,1,False,
IC87920B7,new,92705db1a8034960abc5784622320cbf,464,469,464,470,end+1,1,False,
IC87920B7,new,d1223cdc7ffa48df990ea32a36527a1f,4193,4210,4193,4210,keep,1,False,
IC87920B7,new,c9c08a7dea8640a19c889f0295e7216f,9216,9238,9216,9238,keep,1,False,
IC87920B7,new,303e995ef842487580ba7327df3456ff,25808,25880,25808,25880,keep,1,False,
IC87920B7,new,b85b741f75584ac3a121247da6c0b659,164658,164729,164658,164729,keep,1,False,
IC87920B7,new,df73ba6e5ae1422ca1b9b9f4eae85e7e,190466,190522,190466,190522,keep,1,False,
IC87920B7,new,37aa24c8da374a1f832c4b1754af7a89,197884,197901,197884,197902,end+1,1,False,
IC8A4519C,new,fafd44527440488c865a68d9d8cffa2e,157,259,157,259,keep,1,False,
IC99C24DC,new,a1a4b7c7e21846dc877bdde40d384f12,68,186,68,186,keep,1,False,
IC9EE0A24,new,cd26e8433ee04598a1be680cd169182d,231,403,231,403,keep,1,False,
ICC9840B6,new,710bb966eeb8403aa8dc6a0b20bfb3a3,166,171,166,172,end+1,1,False,
ICC9840B6,new,6f511869883e48ea8196afdbc2d12387,1771,1788,1771,1788,keep,1,False,
ICC9840B6,new,6baeb621e2964221bb38265f12a1dbb7,6604,6734,6604,6734,keep,1,False,
ICC9840B6,new,4d3595d5b2864803b28f3de6e3dd353c,7644,7659,7644,7659,keep,1,False,
ICC9840B6,new,eb07c3b4f3474298a09da1d2515f1de0,11754,11777,11754,11777,keep,1,False,
ICC9840B6,new,dcb023f87365423f8a620d41e0e4daa2,54736,54760,54736,54760,keep,1,False,
ICC9840B6,new,dcbbd0c6611342838b7e0a85bdda6c1f,62163,62207,62163,62207,keep,1,False,
ICC9840B6,new,49c7c99a56504955a8493574c6046c2c,77518,77533,77518,77534,end+1,1,False,
ICC9840B6,new,5f4cd24b5d8745d782e65cabfa5136f4,78429,78562,78429,78562,keep,1,False,
ICC9840B6,new,54c65e543e30424eb2b920c56b6409e0,78564,78579,78564,78579,keep,1,False,
ICC9840B6,new,029594f00f9747298a271d3a04b88f58,80250,80270,80250,80270,keep,1,False,
ICC9840B6,new,e9d8856a20e74eaeb33151174e8f2abb,84574,84611,84574,84611,keep,1,False,
ICC9840B6,new,05fbbe8302b240f68b0c02ab145c54ff,97428,97481,97428,97481,keep,1,False,
ICC9840B6,new,bd1efa3e89a44cb8b760d4be596601ff,425799,425867,425799,425867,keep,1,False,
ICC9840B6,new,8a531a77f8024a82a0aab60416889898,460459,460476,460459,460477,end+1,1,False,
ICC9840B6,new,a191e661e94f4a9db6754e05b63959c3,463033,463142,463033,463142,keep,1,False,
ICC9840B6,new,3fefb99824674d069bafb5f91d9239f7,464032,464058,464032,464058,keep,1,False,
ICC9840B6,new,b8d860a741b94462b42136ff5b2577b4,472879,472907,472879,472907,keep,1,False,
ICC9840B6,new,f05106b1e6bc49e59e0cf12d5d3c8fec,482494,482517,482494,482517,keep,1,False,
ICC9840B6,new,2948013398bb4573b60e77eec1cfc0da,486240,486294,486240,486294,keep,1,False,
ICC9840B6,new,7e23512531dc4b029bf83683ab0a38f3,489635,489689,489635,489689,keep,1,False,
ICC9840B6,new,a8b78bf3da99446887490b95af1df7f6,494867,494903,494867,494903,keep,1,False,
ICC9840B6,new,3ed456ebb43d4ef28331ec51d90fbea0,502448,502492,502448,502492,keep,1,False,
ICC9840B6,new,9bae1a4ea44d40af8e5625ac84298217,506595,506778,506595,506778,keep,1,False,
ICC9840B6,new,b3a40e147b7d46b5aa45eff34d8f4031,506780,506795,506780,506795,keep,1,False,
ICC9840B6,new,be2c9ae32f5845ae90efe93df6b66355,510092,510119,510092,510119,keep,1,False,
ICC9840B6,new,c3779bb04f764453a8efd8f81bbc7485,516230,516256,516230,516257,end+1,1,False,
ICC9840B6,new,be8bed4daeb644339fe00559e51419e5,532964,532996,532964,532996,keep,1,False,
ICC9840B6,new,645fd2135e684163b3c70425269cc17e,575667,575722,575667,575722,keep,1,False,
ICC9840B6,new,123004cffd5b49b4be6f9645be2d2bc7,585659,585697,585659,585697,keep,1,False,
ICC9840B6,new,d77dd28e231147bfb9e6387398e65219,592927,593017,592927,593017,keep,1,False,
ICC9840B6,new,b12565b7808745f3a350cbc4d1699640,599498,599515,599498,599516,end+1,1,False,
ICDC84458,new,333dd8a30a4e4365a8eb4d713021db78,0,51,0,51,keep,1,False,
ICDC84458,new,c65151ec1b954a18bf4ec2312a80621e,53,72,53,72,keep,1,False,
ICDC84458,new,9d98b358be8f498db2105e3a5e4d5030,74,159,74,159,keep,1,False,
ICDC84458,new,6a8929ff617d4a6eb8baaf5e2a1cda9f,161,192,161,192,keep,1,False,
ICDC84458,new,09ea41cb9a424e7a8be7090c9950355f,194,199,194,200,end+1,1,False,
ICDC84458,new,9c4f63d984074df1a9b3c3b83fe5794c,3018,3035,3018,3035,keep,1,False,
ICDC84458,new,102afe1a6bd54b8191ba38bd064b394d,288846,288863,288846,288863,keep,1,False,
ICDC84458,new,6636e62e07074852999d3486c744c535,403929,403946,403929,403946,keep,1,False,
ICDC84458,new,56915f9645494700837177a2d917b8c3,673357,673374,673357,673375,end+1,1,False,
ID13E3867,new,8bf499f135fb4db3b5c9ec640758da24,94,136,94,136,keep,1,False,
ID4AD2D0E,new,05e2432de90040809b7669027f00a9d5,176,306,176,306,keep,1,False,
ID5714205,new,5c024fde8f8740608aa71ad7a68b2baf,5,88,5,88,keep,1,False,
ID5714205,new,c5255c6afaff4f99bf8850710acaa715,179,267,179,267,keep,1,False,
ID6DDE9E3,new,8af100586c3e431d993177fe0cc38100,126,213,126,213,keep,1,False,
ID8FE83E3,new,7a8e780c1b064297992050f9e7a94708,200,353,200,353,keep,1,False,
IDA8C4CE5,new,757de5527e314e709ff195758f8a8b44,61,159,61,159,keep,1,False,
IDAB254F1,new,1e0dc84be46b44a3a479d0b58347c00c,120,185,120,185,keep,1,False,
IDACD7FC0,new,607546e469aa4bf88a2af6ffb6ede9a3,147,294,147,294,keep,1,False,
IDAE0EA08,new,2769e1c7ffd74001b4099ce420678768,9390,9501,9390,9501,keep,1,False,
IDAE0EA08,new,7a2ab81018b94875ab2d86ce17065899,9503,9691,9503,9691,keep,1,False,
IDB6093E9,new,8fe27acd0dac46f6908854193b52bc7d,1164,1181,1164,1181,keep,1,False,
IDB6093E9,new,31c4a1879f194a65a64022fb8d5b5abc,12842,12925,12842,12925,keep,1,False,
IDB6093E9,new,fc7cfe5d20c04a20859f7663f51c7820,45690,45801,45690,45801,keep,1,False,
IDB6093E9,new,510f0ec23e3944c69ac518edc5d8b38e,54383,54492,54383,54492,keep,1,False,
IDB6093E9,new,9e5f8313d2b243bfb29e174f13fb9bfa,109285,109387,109285,109387,keep,1,False,
IDB6093E9,new,11a78a42c94b469094b0404e68dc7424,140786,140848,140786,140848,keep,1,False,
IDB6093E9,new,f5e6935a86044993a3c647c035f4cd58,153657,153735,153657,153735,keep,1,False,
IDB6093E9,new,ad90a0adf14e4156ad58d25a61c7dacf,173735,173835,173735,173835,keep,1,False,
IDB6093E9,new,3827ab9c664b4e9aa717970a5eff3999,244938,245041,244938,245042,end+1,1,False,
IDB6093E9,new,5cc8ab7e966a40f78f5581ed95fbd696,284062,284142,284062,284142,keep,1,False,
IDB6093E9,new,a353c488f6c443a9bfa82d95c16ae15d,299412,299467,299412,299467,keep,1,False,
IDB6093E9,new,d4ed177d38a746079079a8e07ead7a74,364120,364235,364120,364235,keep,1,False,
IDB6093E9,new,068eb6e51de048b59be4d71db0112a82,369041,369059,369041,369059,keep,1,False,
IDB6093E9,new,fdf04ff73b8648e0b18462bff614ae83,382125,382147,382125,382148,end+1,1,False,
IDB6093E9,new,964208b4a97847c096a200ace9280383,383039,383054,383039,383054,keep,1,False,
IDB6093E9,new,9a1bbfc1800247cd9880b78dc0594080,386245,386262,386245,386263,end+1,1,False,
IDBFF9DE3,new,ad46361977464bceb6a3d0958aa5db87,271,276,271,277,end+1,1,False,
IDBFF9DE3,new,ca9d3379469d45b8a8ade25e1ac2da38,5722,5739,5722,5739,keep,1,False,
IDBFF9DE3,new,038d94496f07418bab43769bc09b6361,397003,397020,397003,397021,end+1,1,False,
IDDA7F69E,new,d3c8bd585ed3444cb3cb6ab9a08890a8,163,180,163,180,keep,1,False,
IDDA7F69E,new,6d6d6211b9f54f6e993db4fb6e32e92f,5091,5126,5091,5126,keep,1,False,
IDDA7F69E,new,168d8388d92d4c4eb3cc623f8cefabc0,28671,28706,28671,28706,keep,1,False,
IDDA7F69E,new,fd37034de5094cdbaa2ae4d93c6860a1,35615,35695,35615,35695,keep,1,False,
IDDA7F69E,new,a93729eff18045dba5b415688295f109,41223,41263,41223,41263,keep,1,False,
IDDA7F69E,new,819628b1911641f4bf7f1d4f61371f57,103903,103943,103903,103943,keep,1,False,
IDDA7F69E,new,3b7276bc2c6a468194d27cb92c3f8c7a,165892,165922,165892,165922,keep,1,False,
IDDA7F69E,new,5e726faeb50e468992a38a284dd8bc06,203889,203919,203889,203919,keep,1,False,
IDDA7F69E,new,95ba605dd11543b8a931220057ecc95e,219096,219123,219096,219123,keep,1,False,
IDDA7F69E,new,074afc6a85de4723932183e0bf9e6ab5,246602,246628,246602,246628,keep,1,False,
IDDA7F69E,new,37300088955e48af8bfd4b7a61892141,286953,286983,286953,286983,keep,1,False,
IDDA7F69E,new,ace98d1b018546589c25a78c554ea66e,290992,291042,290992,291042,keep,1,False,
IDDA7F69E,new,e05bc6a5b6da46acb7f74f21614b68e8,303475,303494,303475,303494,keep,1,False,
IDDA7F69E,new,851772b5fcd04721bcf0394cf99311fa,327376,327410,327376,327410,keep,1,False,
IDDA7F69E,new,9b2d9b63d66a4c66954508ea10fe6559,350543,350592,350543,350592,keep,1,False,
IDDA7F69E,new,a8fa049d9d2e48e3a92977fd104ba352,391289,391324,391289,391324,keep,1,False,
IDDA7F69E,new,bfa9ce15101145d696a7f1d7140384cd,399789,399822,399789,399822,keep,1,False,
IDDA7F69E,new,1cb352b347af4950a8663fee333c809e,429363,429397,429363,429397,keep,1,False,
IDDA7F69E,new,0451dc7c91754bf4a0e6f49ecae8e6e9,438015,438045,438015,438045,keep,1,False,
IDDA7F69E,new,4195eacdda5a4021b1a47924a19326f6,448811,448848,448811,448848,keep,1,False,
IDDA7F69E,new,3692519fc8cb4a56a1133e4b242afab4,456105,456157,456105,456157,keep,1,False,
IDDA7F69E,new,94182d691915488192b7f0d881b650c3,468024,468063,468024,468063,keep,1,False,
IDDA7F69E,new,a03ffc842d34474794a836c758d265f0,477648,477722,477648,477722,keep,1,False,
IDDA7F69E,new,2ffa1e7f463b4e8c9ea5aeb60cb52c90,507029,507112,507029,507112,keep,1,False,
IDDA7F69E,new,568cbc7d42314e6091a3ec7f783017e2,531959,531976,531959,531977,end+1,1,False,
IDDB46142,new,3675c9454d3b4dbd955803a409f08d36,155,306,155,306,keep,1,False,
IDF77FDDD,new,07f233db108345f7a366a662939b050f,130,220,130,220,keep,1,False,
IE0AB7438,new,ce8768e9f3454b1583b062ba137ccaff,125,142,125,142,keep,1,False,
IE0AB7438,new,4d1998a8fa6848ad8aa974168a0ef29e,294442,294459,294442,294460,end+1,1,False,
IE166DA22,new,e12a6db6be3e4d45b4ff98bdd5443172,130,204,130,204,keep,1,False,
IE1B4BBB9,new,2a89baf6538442118aef59f8cec8b392,0,2,0,2,keep,1,False,
IE1B4BBB9,new,6070d9c7c2364eeba6072ea8467d8ba1,127,219,127,219,keep,1,False,
IE1ECB287,new,50469824fed844c0bb5b3021f6a796b2,147,237,147,237,keep,1,False,
IE2421BEA,new,12bc318d186d44c7862eb34a9d4aa13e,122,200,122,200,keep,1,False,
IE2421BEA,new,dee8ec6b3676464498f97c6ae0cd8dc5,202,283,202,283,keep,1,False,
IE3ACE254,new,266a3ad3c99e437db955625b1c8ffde8,5,153,5,153,keep,1,False,
IE3ACE254,new,40474d704f674618961c8c281168e96c,275,428,275,428,keep,1,False,
IE5895799,new,f31bd1885ad24345b37a9222f81b4126,0,51,0,51,keep,1,False,
IE5895799,new,912e77c0521041fa86a2ac3fe8ddb8fb,53,72,53,72,keep,1,False,
IE5895799,new,a94609ecf71e40ac9677f14ff10de48c,74,159,74,159,keep,1,False,
IE5895799,new,ecd50da6a915416082985b69b17a6f22,161,192,161,192,keep,1,False,
IE5895799,new,616eb1cec4524e95a696e9078888329d,194,199,194,200,end+1,1,False,
IE5895799,new,b459a7a043704024b628954a68cd25db,4254,4271,4254,4271,keep,1,False,
IE5895799,new,19e0f50f81f64a52a1ce292559902cdf,15026,15087,15026,15087,keep,1,False,
IE5895799,new,368c453aa0e540099968fc6dac6714a7,19664,19692,19664,19692,keep,1,False,
IE5895799,new,cc4330268cb245fe9bbeb0e7fadcd214,22099,22164,22099,22164,keep,1,False,
IE5895799,new,62ba917097cb4915a2a239208b497288,25600,25663,25600,25663,keep,1,False,
IE5895799,new,57790d31fa8d48c0b75049db60a4de3a,31932,32040,31932,32040,keep,1,False,
IE5895799,new,599921191c274477b9c53da1a4135d1b,80354,80422,80354,80422,keep,1,False,
IE5895799,new,181d335876ab4fdead2ba673de44e99e,106074,106100,106074,106100,keep,1,False,
IE5895799,new,3f6e6f3b45a745a095283d8c2da025ee,137370,137431,137370,137431,keep,1,False,
IE5895799,new,5dd595f137394059bfb177e9e34987ea,137951,137995,137951,137995,keep,1,False,
IE5895799,new,da1aff915319497692fd5afd097c45f9,138089,138144,138089,138144,keep,1,False,
IE5895799,new,f7ed964758264ef8a0342488e1d47757,139799,139857,139799,139857,keep,1,False,
IE5895799,new,f731929849314621b07664c1513e3bbe,171600,171705,171600,171705,keep,1,False,
IE5895799,new,51107a5521cc48918aa11662fbd3cb6f,181053,181155,181053,181155,keep,1,False,
IE5895799,new,3d3e9cd0102c45f5bbaed417505847c6,183802,183911,183802,183911,keep,1,False,
IE5895799,new,d7416c80b6c04005acd81b48d24e3588,200938,200973,200938,200973,keep,1,False,
IE5895799,new,92d8a04dcdc644178833f8a67cb75e8d,213649,213783,213649,213783,keep,1,False,
IE5895799,new,9258a8c4f79f43eca8aa616b4270221a,224370,224436,224370,224436,keep,1,False,
IE5895799,new,23d0f68a8f0b4fc9bfcacc343ee93a17,232410,232490,232410,232490,keep,1,False,
IE5895799,new,b84c04c12a564c9e8f5ae4cd93104fbb,244106,244123,244106,244124,end+1,1,False,
IE79CC998,new,64620fe96b53401596a006977b606b1f,78,206,78,206,keep,1,False,
IE79CC998,new,ca63bce29f374219a03d6f253184ff79,9819,9882,9819,9882,keep,1,False,
IE8EB4CB4,new,2cbbe6d0def3439b84fd490cb0dabe7e,64,207,64,207,keep,1,False,
IE9C4806D,new,86d1faa36a604b1c8342accd24ab5466,0,28,0,28,keep,1,False,
IE9C4806D,new,aaa702c7804849d8906c4e9e8babb471,75,199,75,199,keep,1,False,
IEA9B747E,new,6de3a6974ebf42fda3a52ff52094134d,55,73,55,73,keep,1,False,
IEA9B747E,new,f890c69d0c5645e1bd5bff5a89994ff8,75,147,75,147,keep,1,False,
IEA9B747E,new,80f75359e1944b51b56e8505bcc5dfb0,170,175,170,176,end+1,1,False,
IEA9B747E,new,05a47a0cf4b0471ca2717fef5f930ae4,5118,5135,5118,5135,keep,1,False,
IEA9B747E,new,0b77d39a0ad54aefbdaff324d1dcfbd2,21138,21196,21138,21196,keep,1,False,
IEA9B747E,new,466cb9141b56411ea5837c14512c13be,152330,152409,152330,152409,keep,1,False,
IEA9B747E,new,48037dbb6691407aa9c83bb7ff884bf0,347330,347359,347330,347359,keep,1,False,
IEA9B747E,new,2cee91e16c3947d0a0ef8ae7216a7de7,505470,505487,505470,505488,end+1,1,False,
IEDFED305,new,064ed153820f4b79abbb67d3e11ef937,60,101,60,101,keep,1,False,
IEE67309C,new,958eccf1349f4074aeee2df4d505d3ba,118,168,118,168,keep,1,False,
IEE67309C,new,bd63d9d2ed544f1e939d2b3b3cb77381,192,249,192,249,keep,1,False,
IEE67309C,new,525204901fa44e92aa32d44815d95f98,251,325,251,325,keep,1,False,
IEE67309C,new,c4e0484196124faf8a92e043089d4676,356,451,356,451,keep,1,False,
IEE67309C,new,e7a4966b96144af5b12d0d16d327215a,499,533,499,533,keep,1,False,
IEE67309C,new,8c8381b1dbb24bf88053acb7706238f9,561,566,561,567,end+1,1,False,
IEE67309C,new,9bc904c05df646299654436b3a820b28,3873,3890,3873,3890,keep,1,False,
IEE67309C,new,0d0703b64b0f474a912e6880983d3f3b,221054,221071,221054,221072,end+1,1,False,
IEEB908B0,new,2cb35d685c804c778c9056cf07c606cb,56,120,56,120,keep,1,False,
IEEBAD11E,new,bc14d2a06d8345629263053ff61e6ec3,60,170,60,170,keep,1,False,
IEEC9CCA9,new,8f9ecd513f5345eea7205a45b6950168,119,238,119,238,keep,1,False,
IEF3A4022,new,432a031b041e4834b4bacd1211621315,110,175,110,175,keep,1,False,
IF30A1358,new,11a5553ce6b44aa5b2e6994d03b982c1,172,251,172,251,keep,1,False,
IF428CDDB,new,647ef9601595454090d7170eeff18204,0,51,0,51,keep,1,False,
IF428CDDB,new,56657598af75414f83b6134464f32585,53,71,53,71,keep,1,False,
IF428CDDB,new,b19121ea44164ccb9377ea1a645577c1,73,171,73,171,keep,1,False,
IF428CDDB,new,80cce1a9fefa4dda8ee8cda7724a9b6a,173,216,173,216,keep,1,False,
IF428CDDB,new,77a12922abc44b5ca5530c4718c98282,218,223,218,224,end+1,1,False,
IF428CDDB,new,efe33e8a21ae45f7b26452d1df28a5c6,9486,9503,9486,9503,keep,1,False,
IF428CDDB,new,6e76da11726b4f48b4d24eb4a847ef89,411315,411421,411315,411421,keep,1,False,
IF428CDDB,new,782beaaa304e44eb87c49ab5513fe25a,411423,411450,411423,411450,keep,1,False,
IF428CDDB,new,357d75b1543344beacf03f91794219c5,411602,411632,411602,411632,keep,1,False,
IF428CDDB,new,d8b16e0371044f448cd8f47a028740a3,411717,411739,411717,411739,keep,1,False,
IF428CDDB,new,01e982daf43a43a8af6dff55cbd6f90c,411817,411840,411817,411840,keep,1,False,
IF428CDDB,new,43ad9eebe79246bb802d93dd7a0c219f,412060,412109,412060,412109,keep,1,False,
IF428CDDB,new,feb5192ac0854ea19b65af30c5ae751a,413006,413023,413006,413024,end+1,1,False,
IF4C4BF01,new,2fda6379591448b99469517c2a8c4fb6,116,190,116,190,keep,1,False,
IF4C4BF01,new,61feb2f0309942878ee3384dd1d02626,192,220,192,220,keep,1,False,
IF4C4BF01,new,ed3ff54e29e54858a00a58ded2d9bd8a,222,349,222,349,keep,1,False,
IF4C4BF01,new,90c71b0296b0475192129735ef17753a,351,356,351,357,end+1,1,False,
IF4C4BF01,new,bc7fcebd5a464ff5988b312d4898bb28,4593,4610,4593,4610,keep,1,False,
IF4C4BF01,new,9684cb6000ed4c29a8fe9f78f4461824,8184,8258,8184,8258,keep,1,False,
IF4C4BF01,new,a9a1b92c18fe4dce9976bd36224f3570,287578,287606,287578,287606,keep,1,False,
IF4C4BF01,new,7b2c38b02a0b44ae8174370397d2f1a9,340207,340334,340207,340334,keep,1,False,
IF4C4BF01,new,c2b4e75df0a54b96a62bc67dd9b5b446,384683,384700,384683,384701,end+1,1,False,
IF4F5D041,new,f29f42d788524244a76883f45a9fa1e6,95,156,95,156,keep,1,False,
IF4F5D041,new,39898ec764e64d9f8ffb9328a03ad6d1,158,214,158,214,keep,1,False,
IF5AAE849,new,e0d44fea034f4a64945b5707ed7f3a1d,120,191,120,191,keep,1,False,
IF69FF8A7,new,e2d3d2d1d2c1420d9f1b79612461cc03,196,343,196,343,keep,1,False,
IF6B54962,new,4105ea2db752467c95ee7c998b58d3c8,70,190,70,190,keep,1,False,
IF7A04537,new,f51a5b2866dd4f898379c5fb71afa79b,232,249,232,249,keep,1,False,
IF84B2E71,new,d7a2a83e19714a6a818ea0811f04e025,104,114,104,114,keep,1,False,
IF84B2E71,new,61ebf155d019479f8e556d70a130ecbc,116,129,116,129,keep,1,False,
IF84B2E71,new,413469cb9b444e669619b38e9bbf9bd1,4479,4490,4479,4490,keep,1,False,
IF84B2E71,new,8252cd86e8b34b69a11d7774eb1241fc,4492,4513,4492,4513,keep,1,False,
IF84B2E71,new,18a495996ed44d81a628174b63f6805f,14857,14868,14857,14868,keep,1,False,
IF84B2E71,new,2b3a9d6c97bd49d491b8d9cd817be659,14870,14889,14870,14889,keep,1,False,
IF84B2E71,new,efd8d48b71f044cca6c5ccad6882276d,22448,22458,22448,22458,keep,1,False,
IF84B2E71,new,552b10030a6e43b29838728108ef3b9f,22460,22479,22460,22479,keep,1,False,
IF84B2E71,new,ad5414d9c0e244b0ade4015bb98b531e,27991,28000,27991,28000,keep,1,False,
IF84B2E71,new,aa9e41bcf3f8457f8a9420c62e38c434,28002,28017,28002,28017,keep,1,False,
IF84B2E71,new,e5de082b143a49a0b81589e77adf6230,37413,37424,37413,37424,keep,1,False,
IF84B2E71,new,5b8e247fdd9b4f7bab89bfd00720fc27,37426,37441,37426,37441,keep,1,False,
IF84B2E71,new,9a87acd2da514d88ace4978e8ddfa16f,46306,46317,46306,46317,keep,1,False,
IF84B2E71,new,e3b346ddbb8a4b1bb3449c783d88ccaa,46319,46361,46319,46361,keep,1,False,
IF84B2E71,new,9b2ce1d89bf54559a7df7d6e7a14ac14,58495,58507,58495,58507,keep,1,False,
IF84B2E71,new,866049be3aaa419385ae3803666d96d1,58509,58535,58509,58535,keep,1,False,
IF84B2E71,new,05dcc529f0024db092303f778e7025af,72841,72851,72841,72851,keep,1,False,
IF84B2E71,new,240df74d8f04455dbd0e395597c82919,72853,72866,72853,72866,keep,1,False,
IF84B2E71,new,ec56d4eaafa44d0c84e90b0450a9eb80,113120,113130,113120,113130,keep,1,False,
IF84B2E71,new,ff25a53ba04d4e2e9d8e09e3a45a3da1,113132,113155,113132,113155,keep,1,False,
IF85C9484,new,4b4915d353db429aac518512d2739995,109,172,109,173,end+1,1,False,
IF85C9484,new,057e7b2c20c4479ea22c2a9fcc06ccd1,208,285,208,285,keep,1,False,
IF85C9484,new,dde52875ec264e6f92363c01e688f3dc,331,405,331,405,keep,1,False,
IF85C9484,new,b86fec1ddca54a17bdcdb87dbc5c0301,437,564,437,564,keep,1,False,
IF85C9484,new,09b44980fcf34a9baa4a260e57052697,4967,4984,4967,4984,keep,1,False,
IF85C9484,new,048086ec3df444c08e983cda67aac7b9,9105,9173,9105,9174,end+1,1,False,
IF85C9484,new,14f6d078ef7843789b8b5fc22a22a1b6,16291,16373,16291,16373,keep,1,False,
IF85C9484,new,e3c7533574244b83b068cff05c4baa61,42340,42420,42340,42420,keep,1,False,
IF85C9484,new,ddd25fedc5764a52b972952a8cbf79f7,321972,322005,321972,322005,keep,1,False,
IF85C9484,new,d5ecedd3c9d1470da98f40c0e987ff1b,374788,374920,374788,374920,keep,1,False,
IF85C9484,new,fcb58995f30f4b6dbf428d58a605ebd7,419278,419295,419278,419296,end+1,1,False,
IFA88A536,new,ea132c957b92436e9d041dd7f412a229,137,142,137,143,end+1,1,False,
IFA88A536,new,16691c5f785842a39eb4b2c857465aac,3072,3089,3072,3089,keep,1,False,
IFA88A536,new,818adeb4891748eea3cbfbfd33cc8138,7591,7694,7591,7695,end+1,1,False,
IFA88A536,new,f92f0a925ebf490fb02648fa807efa97,46755,46820,46755,46820,keep,1,False,
IFA88A536,new,af3569c4daae45c7900fab4643e9a4c8,51191,51291,51191,51291,keep,1,False,
IFA88A536,new,c69ddea6dfdf47dc90319d16524a506a,163058,163100,163058,163100,keep,1,False,
IFA88A536,new,33e69d24b1ff4f3db42e88debc8eec60,166060,166102,166060,166102,keep,1,False,
IFA88A536,new,fc4452d154ab4dbb99c9998d957d75db,172090,172107,172090,172108,end+1,1,False,
IFAAADEA1,new,f5c2575f580d4c339f1617b2e07d8529,146,242,146,242,keep,1,False,
IFC5AD8FD,new,c106506816dd42a9b3372ef479d4d8a6,113,188,113,188,keep,1,False,
IFF05DE5E,new,99c7aa496da740a6bdb4b325eacd6c2d,57,94,57,94,keep,1,False,
IFF541F44,new,735e0465e7044529a22f1aca2aa0ebc7,156,161,156,162,end+1,1,False,
IFF541F44,new,fffadbfcff174d5d899b4c2226972170,248,276,248,276,keep,1,False,
IFF541F44,new,f60ad7cb56b24b30a889de909c4ce50c,1502,1530,1502,1530,keep,1,False,
IFF541F44,new,a5b3c977769049fd8f4e124c670ba413,2198,2247,2198,2247,keep,1,False,
IFF541F44,new,cdd2c5352629485db8b792c4b83cfdb6,2249,2273,2249,2273,keep,1,False,
IFF541F44,new,d75a5773000f4e3b8405be7ee7ec8425,10228,10307,10228,10307,keep,1,False,
IFF541F44,new,6a6bae0ab0ee4165aab4fadef1187b22,207752,207819,207752,207819,keep,1,False,
IFFA911F5,new,4e4f0ff62e3945858c648e066d7b7a66,105,177,105,177,keep,1,False,
P000010,old,6ff933bf65364b3688a8eb182350c2c5,143,160,143,160,keep,1,False,
P000010,old,8044ee7b9cf2455c960884479e53e917,4779,4893,4779,4893,keep,1,False,
P000010,old,32eaf683f7fd47e39344a1e187c41d87,37675,37735,37675,37735,keep,1,False,
P000010,old,2c6c265a8c9c4ffbaff3c1fe6e665700,37737,37816,37737,37816,keep,1,False,
P000010,old,5c97ee088bb341779d17bd2f51b1a675,70120,70204,70120,70204,keep,1,False,
P000010,old,ee76f5821e064834896704f6f80bebe0,82711,82759,82711,82759,keep,1,False,
P000010,old,066d1dcadde5455fb0fb2c80181ef62e,103852,103895,103852,103895,keep,1,False,
P000010,old,85a551a834e54957afaaa2bbf00a9fa7,105649,105681,105649,105681,keep,1,False,
P000010,old,567887a30bcb4e92a1a0b704ecb8410e,111102,111147,111102,111147,keep,1,False,
P000010,old,b55dc7d865ce4697bcefa0b29c8c19bb,114706,114733,114706,114733,keep,1,False,
P000010,old,14e5c34622b44717938122c140c3a3fe,120163,120199,120163,120199,keep,1,False,
P000010,old,561e631939ab4f57a749c99029fc7bb2,122252,122306,122252,122306,keep,1,False,
P000010,old,31de52f9817a486c9f4a8c67a4cc3816,123141,123177,123141,123177,keep,1,False,
P000010,old,dba25be99f804c1c9363d75a93550cfe,124297,124334,124297,124334,keep,1,False,
P000010,old,c18d5f2681104536a0f55667fa4f2927,127549,127616,127549,127616,keep,1,False,
P000010,old,87e88a1fa7e448b89485ee2b39476282,130095,130183,130095,130183,keep,1,False,
P000010,old,57745f14994e4b4b86162a415ceb1280,132839,132868,132839,132868,keep,1,False,
P000010,old,8e451f28863449a99849c2288cd4c477,143166,143196,143166,143196,keep,1,False,
P000010,old,d4688c1d8fda4d07b263e9964651a83a,147103,147144,147103,147144,keep,1,False,
P000010,old,451d3404e0fd46dba6c11f0b51456884,148655,148681,148655,148681,keep,1,False,
P000010,old,61e6c02dd63f4be4813cec3fc17c8bdb,151676,151709,151676,151709,keep,1,False,
P000010,old,fade95ad2dfd410aab30a883f83c57dd,152505,152548,152505,152548,keep,1,False,
P000010,old,3008e923d4d94d139a244a0a380ad6de,153775,153816,153775,153816,keep,1,False,
P000010,old,20c2cb023fca46fbab664fa8df1d7ef5,156795,156835,156795,156835,keep,1,False,
P000010,old,a75e0392a4bc4447aae1bd7c2dfc01ee,160151,160192,160151,160192,keep,1,False,
P000010,old,79b4b8d99fc441e48c0834a7546f412a,163914,163952,163914,163952,keep,1,False,
P000010,old,c69e5fdddc8240d08395609ab64c000d,171937,171971,171937,171971,keep,1,False,
P000010,old,3d03b26a50cc4b27a202e713e96c59a5,177177,177215,177177,177215,keep,1,False,
P000010,old,0f50684c8f9f44cc89d313036f466b80,178788,178829,178788,178829,keep,1,False,
P000010,old,79a46c5edd6448168222fb24556c78a0,187641,187667,187641,187667,keep,1,False,
P000010,old,403809c62a6d4761879dfe07a57c1cc7,190963,191000,190963,191000,keep,1,False,
P000010,old,d3a8890d0bb94260a36d0201a6bf1fbd,200489,200523,200489,200523,keep,1,False,
P000010,old,45fed57a69dc49d3b8011a8455f8739f,204955,204997,204955,204997,keep,1,False,
P000010,old,a0aac832edb743a2ae7da81f74556d26,209819,209863,209819,209863,keep,1,False,
P000010,old,8199ca4001b64934aa64fa70c039db00,216707,216730,216707,216730,keep,1,False,
P000010,old,cb70f91e43344094b0ef9801d116297f,222361,222421,222361,222421,keep,1,False,
P000010,old,1946b9bb902e4d00a90ef3741deccae5,227112,227181,227112,227181,keep,1,False,
P000010,old,df5b56afe7b04109b1dc373646dc36f9,236475,236526,236475,236526,keep,1,False,
P000010,old,3ed183564ff340e79f6106b900d82b3c,239017,239059,239017,239059,keep,1,False,
P000010,old,c5bb7a47882545e1a6203d03e66b19d4,242002,242028,242002,242028,keep,1,False,
P000010,old,ab1e122c02ef48458f540b1c13afecdc,243503,243585,243503,243585,keep,1,False,
P000010,old,3e60fd2d473940c39ab971a6b17336e4,250321,250365,250321,250365,keep,1,False,
P000010,old,19c7e3d523e94ef4970405d9e37b0dc0,253033,253082,253033,253082,keep,1,False,
P000010,old,2934838c509149a09fbbbe1e9412ed33,278834,278879,278834,278879,keep,1,False,
P000010,old,c8955ded22ce432f962deacbed3998ac,295320,295380,295320,295380,keep,1,False,
P000010,old,3e868518580d4a1d8474a27aab42989d,299439,299490,299439,299490,keep,1,False,
P000010,old,3f34dee69ffe491bbfd62a9c20b5eb3c,332104,332146,332104,332146,keep,1,False,
P000010,old,08898dc55d464da88930a8568dda067a,337449,337502,337449,337502,keep,1,False,
P000010,old,a62fd7edcf1544f4acf86f9bdb922a04,341033,341098,341033,341098,keep,1,False,
P000010,old,4fd69324f2f8428abdc44d165e2e9f59,343701,343743,343701,343743,keep,1,False,
P000010,old,58ebff37ff3e4cd2b7247fd9cc1c7797,353072,353138,353072,353138,keep,1,False,
P000010,old,28488aa8dfb64f5ab0855327a2be5fbf,361642,361678,361642,361678,keep,1,False,
P000010,old,428481eacc6d4082ab3a4b72245c9285,362700,362742,362700,362742,keep,1,False,
P000010,old,d0ea012a1f1040169ac84bcbefa33679,367414,367476,367414,367476,keep,1,False,
P000010,old,15b31ba460864ff7a231b5f8c0782ee8,368743,368777,368743,368777,keep,1,False,
P000010,old,3f580cf46cd44fce8cce0f286ba01c18,370674,370706,370674,370706,keep,1,False,
P000010,old,9bae746e22f940f1a8a96ce62bc84496,372463,372489,372463,372489,keep,1,False,
P000010,old,6d9c8dfca045482aaabb877b59ff4594,374180,374213,374180,374213,keep,1,False,
P000010,old,ab16f6da061e4c5a94ce764be24baa45,380182,380213,380182,380213,keep,1,False,
P000010,old,ee1053b813d84a6eb7eec380a0cd0905,386882,386917,386882,386917,keep,1,False,
P000010,old,eac729db4b9e4f44bbed3f1367dee82c,388841,388879,388841,388879,keep,1,False,
P000010,old,f76f9206736049bc8bb16ccdb9c586aa,393490,393528,393490,393529,end+1,1,False,
P000010,old,51a537190b514f4280783abcd07805c0,406895,406950,406895,406950,keep,1,False,
P000010,old,6166bd1819eb42c5bb8beb63ea277173,409520,409566,409520,409566,keep,1,False,
P000010,old,d9b4f0d51f4340cc9d281de445ffd5df,416621,416671,416621,416671,keep,1,False,
P000010,old,3a6b432c861b4603864efcbc0d3ce2c8,423204,423275,423204,423275,keep,1,False,
P000010,old,ac1bcdc8539144249369b05e7385580c,434850,434886,434850,434887,end+1,1,False,
P000010,old,567039efa10f4f73b56795ab64d0c854,436740,436775,436740,436775,keep,1,False,
P000010,old,05d3f15a492b4a2f943a6f4711db0270,443406,443475,443406,443475,keep,1,False,
P000010,old,a3b6bb35687343f19a55c42471a211ec,446247,446314,446247,446314,keep,1,False,
P000010,old,68365317aed64149835c26a362cad545,459039,459067,459039,459067,keep,1,False,
P000010,old,a7a206ef1933410fab984d21822032af,464100,464135,464100,464135,keep,1,False,
P000010,old,807bb244f59f458c8e562e8037572015,467601,467637,467601,467637,keep,1,False,
P000010,old,ad2a0af8dff74a89a94d6031573e6d67,472180,472217,472180,472217,keep,1,False,
P000010,old,18e1f937190e4afd9fd6f0a480feb145,476449,476477,476449,476477,keep,1,False,
P000010,old,05daaefeb19c4c37a4bfaffd412adf4d,479107,479140,479107,479140,keep,1,False,
P000010,old,0ed42502c4574b179d22205ab531bbfc,482776,482803,482776,482803,keep,1,False,
P000010,old,ab6ffaad8d614de8a477249e586358c5,486561,486603,486561,486603,keep,1,False,
P000010,old,64791feb48d9432684a7e1287d3999d9,489873,489914,489873,489914,keep,1,False,
P000010,old,796f6e2da6e24e039638c79808991660,492315,492351,492315,492351,keep,1,False,
P000010,old,face24edd5764f68bd50fd0469893eab,495463,495534,495463,495534,keep,1,False,
P000010,old,76d92f0ed8f14698a2ab0573a4136813,499852,499883,499852,499883,keep,1,False,
P000010,old,1fb5102ff8624c5b802e3e2f0081ebc8,502673,502698,502673,502698,keep,1,False,
P000010,old,82ec1d244b7d4e2bba1109f574af142d,506373,506408,506373,506408,keep,1,False,
P000010,old,8a2f233817a34f8eb1e56fc6610c8848,512553,512580,512553,512580,keep,1,False,
P000010,old,b2c11c706cfd4acb833104b54749a075,518645,518708,518645,518708,keep,1,False,
P000010,old,393084adbb134384a2ce3b1c810ddb47,525356,525380,525356,525381,end+1,1,False,
P000010,old,1bd281830fa247c2aad6c4e5d5317c31,534082,534105,534082,534105,keep,1,False,
P000010,old,69d82525324b4b3eaa7131c336ac3774,543790,543830,543790,543830,keep,1,False,
P000010,old,b3a244c3b71440bc83aa77229186695c,549295,549353,549295,549353,keep,1,False,
P000010,old,007ffa09e508448ea5ff6cbfbb838a51,553705,553743,553705,553743,keep,1,False,
P000010,old,0c5b54f47f664dcf8b52ece19ea0b959,564185,564228,564185,564228,keep,1,False,
P000010,old,0e57c1524e6e468b9a881f09b48bb38c,570923,570990,570923,570990,keep,1,False,
P000010,old,52060d1d7e0341f780f7d59277910695,579764,579807,579764,579807,keep,1,False,
P000010,old,ccbe9c13dcda441cb42419b05d7e477b,583710,583843,583710,583843,keep,1,False,
P000010,old,a93f0d72991f4602ba5ba340f45fda32,583845,583904,583845,583904,keep,1,False,
P000010,old,b45c56a4bbd941c390974de95ddddcfe,583906,583929,583906,583930,end+1,1,False,
P000011,old,1e276261f86745fe8662cdd2395dbc9d,245,262,245,262,keep,1,False,
P000011,old,32d9f1bf92d248708c8ac53e740f1c06,4880,4994,4880,4994,keep,1,False,
P000011,old,b31aca35031944b897caa6eb081d1c19,37774,37880,37774,37880,keep,1,False,
P000011,old,17635e685d7e4029b225bd3ed91da467,66669,66759,66669,66759,keep,1,False,
P000011,old,b9a3fdffb79d424da4183f5673b461e8,74437,74573,74437,74573,keep,1,False,
P000011,old,bff067a5f3cc487181a49d6f266a0487,81199,81277,81199,81277,keep,1,False,
P000011,old,0e333081d00a4384841c7185e943e8db,97247,97341,97247,97341,keep,1,False,
P000011,old,eea45ee25c894825833c938994e0a02d,109848,109959,109848,109959,keep,1,False,
P000011,old,6a46310a4ab44bc3b04e0bc91c669cf8,118537,118617,118537,118617,keep,1,False,
P000011,old,775035fb1c24410296c478bb7f937fd1,122549,122622,122549,122622,keep,1,False,
P000011,old,0fcd9e70a763467c925acbf3e62eaedf,129341,129428,129341,129428,keep,1,False,
P000011,old,3ae018a3ae1a40aa98687dcfc9b3f0cc,136016,136074,136016,136074,keep,1,False,
P000011,old,3d03e34fe13547eb9d387cb4c3e7c323,140946,141053,140946,141053,keep,1,False,
P000011,old,a17350aaf78d490a96edd985d17aedc5,148590,148739,148590,148739,keep,1,False,
P000011,old,8416863556744051b7ad633ba8655c9a,175417,175492,175417,175492,keep,1,False,
P000011,old,2afea098497642eab01361fa8bb3a04c,180009,180095,180009,180095,keep,1,False,
P000011,old,a1e2bcc256584d94918701893538a41d,184994,185055,184994,185055,keep,1,False,
P000011,old,f52bb4e7305a4cf6b9f4f9b06b4f9ead,190497,190519,190497,190519,keep,1,False,
P000011,old,4a59040968ce4434920077186c4c0815,193459,193528,193459,193528,keep,1,False,
P000011,old,b3fb38c787014e9e911422d943f9e3f3,197381,197435,197381,197435,keep,1,False,
P000011,old,1b8cd58deb994b169d0c71aa52b070b2,203013,203136,203013,203136,keep,1,False,
P000011,old,bb7f6588d14d4f519e33adf6188a4771,208377,208458,208377,208458,keep,1,False,
P000011,old,cf8c9a7c69a949258b62010e9163c20b,212927,213009,212927,213009,keep,1,False,
P000011,old,55dc38d7dd244dabb55598cb649743ba,215210,215318,215210,215318,keep,1,False,
P000011,old,11620b334ca144bfa4ac37e1f04d2bd0,219744,219843,219744,219843,keep,1,False,
P000011,old,3ed0b2966bd54b62a44ac5ba9bccebf5,224445,224518,224445,224518,keep,1,False,
P000011,old,7358d0ba5afe4ecf8eca213250490332,227581,227670,227581,227670,keep,1,False,
P000011,old,963fda7e411e43548056993b7d3e544a,232384,232459,232384,232459,keep,1,False,
P000011,old,f81db9b2a603438fa91a0b7a54383ae2,235152,235227,235152,235227,keep,1,False,
P000011,old,815d591b18f84c808d5139088fd142c7,239359,239429,239359,239429,keep,1,False,
P000011,old,80f887852f7f41a6a54d486c44e9eb4d,243969,244042,243969,244042,keep,1,False,
P000011,old,0a9eae393705424b9041a37e8b4278e6,251453,251537,251453,251537,keep,1,False,
P000011,old,a5821dba0d424232ba20c7b3cc708d4f,256463,256544,256463,256544,keep,1,False,
P000011,old,cf76657a5d0c4d51a6424dcdc668855f,269571,269666,269571,269666,keep,1,False,
P000011,old,d879da6e7be748ffa8ead132107322c2,287355,287447,287355,287447,keep,1,False,
P000011,old,cf2714ecfea647d88d39c1f8b41b9e99,298408,298498,298408,298498,keep,1,False,
P000011,old,8d094b702a97430fac979a1b2d11f00d,302699,302753,302699,302753,keep,1,False,
P000011,old,d5163337fcdb483397147187fdd05b1d,305725,305847,305725,305847,keep,1,False,
P000011,old,c81aaec487d04c06bde5b8be6d2ab1bc,310904,310999,310904,310999,keep,1,False,
P000011,old,6a61b526897a4e7081854d964889ab9b,316611,316766,316611,316766,keep,1,False,
P000011,old,5e833ff9999a495297163adae046f94e,338284,338377,338284,338377,keep,1,False,
P000011,old,559d308c9821492486008502f67208da,341675,341804,341675,341804,keep,1,False,
P000011,old,6dacf84a7bf44b7db93cbbdc05f571e5,345922,346034,345922,346034,keep,1,False,
P000011,old,38d179c668844c79a62326afb6c03dd4,349796,349921,349796,349921,keep,1,False,
P000011,old,ce89d865225144ce955aa08c733d15d0,353785,353912,353785,353912,keep,1,False,
P000011,old,6b5a895752b74469b730e540e3ff27cf,358051,358137,358051,358137,keep,1,False,
P000011,old,79e8d7b3dc9d447b95ea3cdd3deb198a,362259,362360,362259,362360,keep,1,False,
P000011,old,82d2f149735848f1a59129c57c64fe9f,376943,376976,376943,376976,keep,1,False,
P000011,old,7e92d229f5ca44aeb8a1ca08b49de1ad,382010,382092,382010,382092,keep,1,False,
P000011,old,5c92facea8984814ab0afe5e976eb7f7,384810,384907,384810,384907,keep,1,False,
P000011,old,8bcf4c3cc7e645ea9685ebc1ab424440,402928,402984,402928,402984,keep,1,False,
P000011,old,73462a1549244fddb47a9f8d2275b2c0,405125,405223,405125,405223,keep,1,False,
P000011,old,5ddb92b8887a4c979a402d0f43b8a8e1,409750,409861,409750,409861,keep,1,False,
P000011,old,df246aca76f54531b4a55149b856c500,420180,420294,420180,420294,keep,1,False,
P000011,old,3513fc868f9e4c0fb4d4d9033f9161a4,420296,420351,420296,420351,keep,1,False,
P000011,old,dcf3beebe8e9466f9a8f994dfb13457b,420353,420368,420353,420368,keep,1,False,
P000011,old,35854c68d9fc42fe809d1f967f8a44d1,426442,426556,426442,426556,keep,1,False,
P000011,old,a2cea48d12684af99a41e8d6877fd491,431810,431922,431810,431922,keep,1,False,
P000011,old,2446736d139d411abbf6644f58b55e5a,447277,447384,447277,447384,keep,1,False,
P000011,old,78dae6c9582549b0939571da033726c8,453808,453949,453808,453949,keep,1,False,
P000011,old,43769c609e77422cba02542ea00b3591,457046,457128,457046,457128,keep,1,False,
P000011,old,5078435f1cc6430a8c1625236d228c39,467041,467161,467041,467161,keep,1,False,
P000011,old,35deb58548c847d09c749157dc1ad2ca,475098,475233,475098,475233,keep,1,False,
P000011,old,2b620d78d83b4374aa6242500c855cd1,483940,484014,483940,484014,keep,1,False,
P000011,old,1c6eb869f4634ec2a3d35d48af3b918a,486055,486150,486055,486150,keep,1,False,
P000011,old,deacfb6f410d41aeb124e32a2112d8de,501125,501237,501125,501237,keep,1,False,
P000011,old,0d9d363ff63e4b5fb81ddeba8bf2cddf,505063,505181,505063,505181,keep,1,False,
P000011,old,4506b35036804050b5022236f4fcd279,509879,509966,509879,509966,keep,1,False,
P000011,old,6c8b576753b640a3811b6e96ab7d07c7,518587,518695,518587,518695,keep,1,False,
P000011,old,328ab8110c0e4d6e9476b8f3dc0f4cf5,535455,535518,535455,535518,keep,1,False,
P000011,old,04d724a875ec4d179af9ae00e1e98b68,537038,537105,537038,537105,keep,1,False,
P000011,old,20caca9d8d6249a69016076a297e1686,540872,540950,540872,540950,keep,1,False,
P000011,old,dfbf4b155c5a42d28c9bb02ff2823bda,546489,546547,546489,546547,keep,1,False,
P000011,old,3ab0989c046a4f8aafb51d169a98d529,574143,574239,574143,574239,keep,1,False,
P000011,old,0fcf9ef514584d15b115013c6817b6f3,581248,581320,581248,581320,keep,1,False,
P000011,old,61c33ef555fc40a498d2ab89482413ca,583714,583777,583714,583777,keep,1,False,
P000011,old,a54d0ac4ab554037ae1d5c2d2f58fcfa,586189,586288,586189,586288,keep,1,False,
P000011,old,027aa5bd7c094789ba710a6244e06d90,587471,587570,587471,587570,keep,1,False,
P000011,old,e98e425069224d7f91163a9aa0316ed2,593085,593119,593085,593119,keep,1,False,
P000011,old,d78fc7d023fe41ce829b072344f8f827,595348,595435,595348,595435,keep,1,False,
P000011,old,08a16b0938f64a1687b619561297bee8,651552,651623,651552,651623,keep,1,False,
P000013,old,cb319b8a5d6a45afa487eb5535b9b2f2,3009,3069,3009,3069,keep,1,False,
P000013,old,9bb0ac337e2c4910a6c924cadcbd7a7b,31024,31073,31024,31073,keep,1,False,
P000015,old,efe8e11754c94a058543d3d5f967667e,34,116,34,116,keep,1,False,
P000015,old,4ca1857fbf8f4236833540b500344ceb,751,761,751,761,keep,1,False,
P000015,old,3c6dec05565140afbfa7f5d35f3bbb6a,7227,7238,7227,7238,keep,1,False,
P000015,old,daa2a9e9166c4ef18c068ec3d4e22ef7,11969,11980,11969,11980,keep,1,False,
P000015,old,c9ebe58c4cd84d489abfbe6892e5a9f9,17801,17811,17801,17811,keep,1,False,
P000015,old,4f60e3b1c3e74fb6b26b4e836dfb09ca,25515,25524,25515,25524,keep,1,False,
P000015,old,c99c8b118325466a89ebb452f844b51d,29635,29646,29635,29646,keep,1,False,
P000015,old,21e6423bc8fc4bf0b425cde6eb433861,35569,35580,35569,35580,keep,1,False,
P000015,old,54e8d4e316a54f7791a2a5393054550b,41310,41322,41310,41322,keep,1,False,
P000015,old,0d28a3c2aa75406e96ca4caae69419f7,46581,46591,46581,46591,keep,1,False,
P000015,old,93c5d973571b48e4ba77ca2a93cb9379,55931,55941,55931,55941,keep,1,False,
P000015,old,91d530230089460d948a540f307243c4,58543,58558,58543,58558,keep,1,False,
P000015,old,41f3eb48719c449a899dedca0d44bdf9,65436,65451,65436,65451,keep,1,False,
P000015,old,ec45c544ba044569bf89445d5f55fa71,68423,68438,68423,68438,keep,1,False,
P000015,old,8c9196a7a94547ebaabfe6d72c5fe981,73008,73022,73008,73022,keep,1,False,
P000015,old,63773b1e50eb477882c6583dee152eb7,74885,74898,74885,74898,keep,1,False,
P000015,old,ca5b7919db2f4238b8a6d4f344f86486,89280,89295,89280,89295,keep,1,False,
P000015,old,ebe93d96c2f14d93ab79faaf695ad2ed,92911,92926,92911,92926,keep,1,False,
P000015,old,5dec17503ed848869f26a3b99e4e014a,94923,94939,94923,94939,keep,1,False,
P000015,old,1520cf3dea8c4be294773ee5619722dc,96595,96609,96595,96609,keep,1,False,
P000015,old,a5d4ee813e1045069ce4f6ac5c005708,101086,101098,101086,101098,keep,1,False,
P000015,old,2d29e57aeabe49a19cbb7c91cbd2ac1e,106183,106198,106183,106198,keep,1,False,
P000015,old,f482ec2f50354105a4d02fb542c090dd,108301,108316,108301,108316,keep,1,False,
P000016,old,27af58f1e94b407799055be633ad74fd,22792,22910,22792,22910,keep,1,False,
P000016,old,95ae68d03acf4b23835d18bbcf5cad0a,24965,25017,24965,25017,keep,1,False,
P000016,old,5cb5408794914e79b88fc51cc20fe7bc,26187,26236,26187,26236,keep,1,False,
P000016,old,7f7f462e1c71404489edd7405c02bc24,29082,29128,29082,29128,keep,1,False,
P000016,old,5c05979ebac04fcba86b61a8cdeea150,31252,31286,31252,31286,keep,1,False,
P000016,old,dd6efe268c4444ecbdc0b8f563310430,33868,33964,33868,33964,keep,1,False,
P000016,old,81915b4912174e2a9d64390dc674358d,35076,35142,35076,35142,keep,1,False,
P000016,old,b4969d02ff664b57ae1464c86fdfa31f,36970,37029,36970,37029,keep,1,False,
P000016,old,1e15a1c713ad4766ad7657a963fccef2,40177,40206,40177,40206,keep,1,False,
P000016,old,b8228c61ec344d82a89de24fa0637684,41430,41467,41430,41467,keep,1,False,
P000016,old,d5deaadc186f4c079aabb7666c781e3f,43348,43390,43348,43390,keep,1,False,
P000016,old,5b9ffa0508534a73884276c233e6032a,45229,45298,45229,45298,keep,1,False,
P000016,old,2c78e81d1a754e2fa79582e23ed615e3,46523,46562,46523,46562,keep,1,False,
P000016,old,4d2819f3770b45a0bb4f239934ad6f93,50832,50876,50832,50876,keep,1,False,
P000016,old,2ddceeec80864f04a61edb1e10bfe4e9,52075,52112,52075,52112,keep,1,False,
P000016,old,809c878154cf4b118e1f40f5d75fd4a3,54850,54887,54850,54887,keep,1,False,
P000016,old,559d13b366db4e4cbdbddfe781a0b7cb,56273,56354,56273,56354,keep,1,False,
P000016,old,cd61814209234d73a8c9623f34e937ed,58752,58794,58752,58794,keep,1,False,
P000016,old,cd6f6ddcea3e419590e6ba77b899473d,61584,61626,61584,61626,keep,1,False,
P000016,old,23a73426bbaa44bc9cc1296dc3fc2461,63041,63112,63041,63112,keep,1,False,
P000016,old,9e9e4980706740f19aea48bcd27f76ae,64361,64403,64361,64403,keep,1,False,
P000016,old,6c017650cf1d4fa0a975f1c7c41ff628,66946,66981,66946,66981,keep,1,False,
P000016,old,505502c669ce44b8aad5a29e9380ffe3,69103,69133,69103,69133,keep,1,False,
P000016,old,a40a2f51d04b4460ba1596b793155217,72270,72333,72270,72333,keep,1,False,
P000016,old,4e7c3fe078934174983a8228219c1940,75284,75319,75284,75319,keep,1,False,
P000016,old,9416d7b5ab87448182a928b679dd30ed,78463,78526,78463,78526,keep,1,False,
P000016,old,f8925c721d23488589e7eb4719abc032,81468,81525,81468,81525,keep,1,False,
P000016,old,9263f8bbcff040b7ae5ad087b9f9e28a,83824,83876,83824,83876,keep,1,False,
P000016,old,367ea1ac3916493a9bd580e7ac17ebc8,86845,86877,86845,86877,keep,1,False,
P000016,old,68274b27ad3d46f5b815a832c42f1d82,88847,88875,88847,88875,keep,1,False,
P000016,old,bafc34072f57416f8c8a0650502aed4d,91603,91638,91603,91638,keep,1,False,
P000016,old,1875606232a84bbcab34948800921b73,94280,94325,94280,94325,keep,1,False,
P000016,old,9105666a23a64352aee7581a4cfb2649,97354,97432,97354,97432,keep,1,False,
P000016,old,a49fd3efe3764a4397e26feefc49e5bf,99325,99381,99325,99381,keep,1,False,
P000016,old,59df355e449a4fbbaa0dd097aed6b271,101786,101821,101786,101821,keep,1,False,
P000016,old,3de7349804134dda9b27b56171a97cbf,103951,103988,103951,103988,keep,1,False,
P000016,old,8d6c884ded06432fb6003e3ae3dd9738,105583,105627,105583,105627,keep,1,False,
P000016,old,036c034688354abbb78158260c5c9a63,107771,107813,107771,107813,keep,1,False,
P000016,old,9477c057312b471a9676f298b0eb07ec,109667,109703,109667,109703,keep,1,False,
P000016,old,26d71b116ed0429f9cffa0d0bd391f0c,111368,111407,111368,111407,keep,1,False,
P000016,old,752857af1cbd4350aef68232f6ae8b93,113546,113582,113546,113582,keep,1,False,
P000016,old,991b318a8f5e498e8305b3a6fc9da611,116061,116143,116061,116143,keep,1,False,
P000016,old,e5a443fd46214332ad361d0acdb3b149,118329,118371,118329,118371,keep,1,False,
P000016,old,b6744435eefd4e0b9b787aee12d790c2,120423,120485,120423,120485,keep,1,False,
P000016,old,05263004e7a74e44a6136eb06f525eb3,122661,122712,122661,122712,keep,1,False,
P000016,old,97b75b720a6a47e0ad1311aec2bff6b1,124725,124772,124725,124772,keep,1,False,
P000016,old,9b9a884155aa4747aede89d16d829327,126509,126569,126509,126569,keep,1,False,
P000016,old,34258f53e19847b7a7a355c17e6dbce6,128356,128402,128356,128402,keep,1,False,
P000016,old,db5019f099304e95a5d4da98ccf82f7e,131170,131205,131170,131205,keep,1,False,
P000016,old,ff9e5ca6ba7a4b74ad4c079dbb33039d,133626,133694,133626,133694,keep,1,False,
P000016,old,33df5b23aeb54c7caa669a902eec33f7,134916,134950,134916,134950,keep,1,False,
P000016,old,7aa13bec619a4e37b92ad413a8990742,137303,137373,137303,137373,keep,1,False,
P000016,old,a8a33cd527474598bab96e0c2ce7ae6e,140606,140664,140606,140664,keep,1,False,
P000016,old,600fef23c9bb4eaca39c611c127c78ce,142346,142423,142346,142423,keep,1,False,
P000016,old,58c27d9b664c45d797a8f03cea494580,146984,147050,146984,147050,keep,1,False,
P000016,old,2374a87f3daf4dcc9fe77405632653cd,153092,153161,153092,153161,keep,1,False,
P000016,old,65f98083b4ba4fc095d677227498bc86,176512,176600,176512,176601,end+1,1,False,
P000016,old,e978c10cf0e747cdaacfc2c47593ca23,202451,202526,202451,202527,end+1,1,False,
P000016,old,48904922f7d24d299ec7f49dbe6fbf20,208407,208491,208407,208491,keep,1,False,
P000016,old,703ae5b74e7e4a9eb6a4ca72e8dd7f13,211651,211698,211651,211699,start_unfixed|end+1,1,False,
P000016,old,01cb9342d5c64479b64618ea53c37f89,211808,211880,211808,211883,end+3,1,False,
P000016,old,ff33fd83a20244b687eef610aeed4f16,226301,226377,226301,226379,end+2,1,False,
P000016,old,ef4d3268c07d4a78b164e8e70872df30,230482,230530,230481,230530,start-1,1,False,
P000016,old,48938fade8784f9bb06f011f3f08aee7,249278,249356,249278,249358,end+2,1,False,
P000016,old,d8eaa2e9d9ed4e6dbe06c4c7c4ffba0c,252933,253021,252932,253022,start-1|end+1,1,False,
P000018,old,4ac817ffd79d428e8dbccb3f7f2df82a,159,266,159,266,keep,1,False,
P000020,old,2712a75b01e242f0bae674f04fc60c4c,62,79,62,79,keep,1,False,
P000021,old,ecb3773ec77f4678b68d2845e11761b0,6189,6239,6189,6239,keep,1,False,
P000021,old,0276317b4bef4086b555e836b801d3f1,20549,20595,20549,20596,end+1,1,False,
P000021,old,a51299e84b3e45dcbea6537b3067f91e,110163,110197,110163,110197,keep,1,False,
P000021,old,12e0e37ef68d44aeb5bcd7b3e5e17136,159998,160045,159998,160045,keep,1,False,
P000021,old,a39a9cbe8de3497ba9aab8b79f571010,256489,256574,256487,256574,start-2,1,False,
P000022,old,4ba18a80c093494abab8f083d28cec4d,4447,4541,4447,4541,keep,1,False,
P000022,old,f17b11186ea94adf93d9dc85214e6830,6184,6273,6184,6273,keep,1,False,
P000022,old,50d1994d90554d92b2a5ae30f4811082,9164,9207,9164,9207,keep,1,False,
P000022,old,b62e64f6ae2d4513a0e18eac35cf7f59,19868,19936,19868,19936,keep,1,False,
P000022,old,cf2bdd7f294747a1b42c2a31b117be98,19938,20038,19938,20038,keep,1,False,
P000022,old,db2e0442688f4af0bf977ec54e935683,32220,32267,32220,32267,keep,1,False,
P000022,old,9804f32461e44070b5fd25bfe0f98560,65925,65986,65925,65986,keep,1,False,
P000022,old,5003575913ac4ed28d22cf0070a4c53c,106043,106094,106043,106094,keep,1,False,
P000022,old,2ebcb9aad6734352bfba4a8a8ef29f23,137199,137271,137199,137271,keep,1,False,
P000022,old,08929a26ed1041128d7a31b01712e3b5,163430,163477,163430,163477,keep,1,False,
P000022,old,08a2d9698fb84e2ca19a205fb47838d9,195151,195184,195151,195184,keep,1,False,
P000022,old,c88503e545e64f31914c0d4c76baa1f2,218583,218671,218583,218671,keep,1,False,
P000023,old,b65b52b94f164b3591bdd96c79978726,130,212,130,212,keep,1,False,
P000027,old,98477dfa3a7e488e8904914c7ffb44c8,150,228,150,228,keep,1,False,
P000027,old,a967107fcb784a4788198b3f6dd8da9d,6997,7098,6997,7098,keep,1,False,
P000028,old,e7dac457ecbe40fd907664cd9896925f,15683,15754,15683,15754,keep,1,False,
P000028,old,c534d18acd0745fe8fbdc09a21c377f7,480718,480825,480718,480825,keep,1,False,
P000029,old,703d96445ba84986a81ac76bafeaa320,1166,1229,1166,1229,keep,1,False,
P000029,old,edd7b13555054d00ac90ef2d450afe2a,122537,122628,122537,122628,keep,1,False,
P000030,old,9ca36c742acc459b82caa95f1c52caf3,198,215,198,215,keep,1,False,
P000030,old,ad9fd862401243f08a7b862116c54cd5,4834,4948,4834,4948,keep,1,False,
P000030,old,63b4c7aa3c5148ea97c2ce6be133914f,37729,37800,37729,37800,keep,1,False,
P000030,old,3840fce6baf841c4ac538c8ae7859673,37802,37923,37802,37923,keep,1,False,
P000030,old,0214241cf7b4426ba0e36b4c9a2d7c73,68469,68603,68469,68603,keep,1,False,
P000030,old,f7b19e18ebc44a3eb1edbe43c763b13f,103519,103627,103519,103627,keep,1,False,
P000030,old,9101a30db31d4f65aa664b9ce1586e58,115719,115837,115719,115837,keep,1,False,
P000030,old,3d99ae83a07048789157e4a4e8320133,126890,126968,126890,126968,keep,1,False,
P000030,old,fc3a2183e16b49729a13c6bb61eaaffb,141117,141232,141117,141232,keep,1,False,
P000030,old,3131274995e04006a010b35845ee742a,159271,159369,159271,159369,keep,1,False,
P000030,old,ed9f4d2e33e14722bfa5630afa88fb12,185197,185335,185197,185335,keep,1,False,
P000030,old,2de61af0cbf34a3b8100597d354ac0ea,192319,192447,192319,192447,keep,1,False,
P000030,old,6084f0a25df94af981c76d6add58556d,211356,211429,211356,211429,keep,1,False,
P000030,old,2f0c5d1402de41a09cc76302169d361b,220658,220761,220658,220761,keep,1,False,
P000030,old,481489012c7b46fdb51abe11a18928a6,261257,261411,261257,261411,keep,1,False,
P000030,old,f292e96dec774b42b757e741de256d4b,346188,346267,346188,346267,keep,1,False,
P000030,old,c25b8dcbf0be4c6789a5ca30309915c5,373150,373212,373150,373212,keep,1,False,
P000030,old,d5ce8c9438754f6dac31200a7cfc1acb,381180,381234,381180,381234,keep,1,False,
P000030,old,398ae76ab7cb42e4a5e6a6ab710abab1,393317,393449,393317,393449,keep,1,False,
P000032,old,7be7950c0fe442c3aa7afc2f9be8809a,85,125,85,125,keep,1,False,
P000033,old,e99fc189ca784da5a756b181a62ea1d7,156,259,156,259,keep,1,False,
P000034,old,b5fc7551ed83400e9aa1770f616a2283,159,176,159,176,keep,1,False,
P000034,old,18f97bea98454f07a9ad528253e5024f,4795,4909,4795,4909,keep,1,False,
P000034,old,4949306fa4b54a28b3eb33076ff9da36,37692,37760,37692,37760,keep,1,False,
P000034,old,23ab1fbbba9c40638f046124c0585312,380435,380456,380435,380456,keep,1,False,
P000034,old,5c45e2101bb94192a5f2b7381ac0615a,381843,381965,381843,381965,keep,1,False,
P000034,old,6992b76b99c346c19d107ba819a0405c,472068,472089,472068,472089,keep,1,False,
P000034,old,fe7e7969dd4744af890718ac24c23030,484278,484347,484278,484347,keep,1,False,
P000034,old,c6ca38b48cb34f9a8816a83b4406e035,484349,484448,484349,484448,keep,1,False,
P000036,old,0f3601d7bd624353a6c940bda753a9b4,163,222,163,222,keep,1,False,
P000036,old,73813269f7ba4ceabe78c456ec00bb5f,9194,9261,9194,9261,keep,1,False,
P000036,old,9697f74ab67f461aaf5f1edcfe466e8d,18820,18860,18820,18860,keep,1,False,
P000036,old,20748e091367493db00392b341ab73a8,47046,47102,47046,47102,keep,1,False,
P000036,old,4c7700ceba9f4795a05f1e65c32d64a0,68122,68148,68122,68148,keep,1,False,
P000036,old,d289a5374cdb490895930ec331e4dce0,73963,73991,73963,73991,keep,1,False,
P000036,old,c062f9fffdd543f4b75d73fc71cce395,94543,94583,94543,94583,keep,1,False,
P000036,old,f8de0f21acdf41579a3e34faa1f19ce2,102826,102867,102826,102867,keep,1,False,
P000036,old,bb8a96bbf2654d6092f619edf8704e12,107496,107534,107496,107534,keep,1,False,
P000036,old,9e4673c70136409f9fef69564b71c2d0,128952,128995,128952,128995,keep,1,False,
P000036,old,2b31f543e2334542ab86481c02661d12,135228,135272,135228,135272,keep,1,False,
P000036,old,36939b6e128044019d7db969eceba01d,165805,165870,165805,165870,keep,1,False,
P000036,old,359381692e41441f826ffddb6e7495e9,217374,217451,217374,217451,keep,1,False,
P000036,old,80cb217ca13b4d578cae37dc0b8169fc,227318,227389,227318,227389,keep,1,False,
P000036,old,ffd45ea7c4ab4af2ba216d024649af71,272145,272203,272145,272203,keep,1,False,
P000036,old,2b34232736a94b8684bc523a89803bda,290111,290184,290111,290184,keep,1,False,
P000036,old,e7e8aec073c74027b10e23bb85093ccc,348821,348890,348821,348890,keep,1,False,
P000036,old,de793060c74f4ff0b7122122fee1ca11,356949,357032,356949,357032,keep,1,False,
P000036,old,779da083bb924722b5b187c8f35befc1,360685,360767,360685,360767,keep,1,False,
P000036,old,4d2689c409de45a0ae84a748f2d1246f,372005,372132,372005,372132,keep,1,False,
P000036,old,317075e0a98f4026a9cf0d287ac53525,402572,402638,402572,402638,keep,1,False,
P000036,old,a13f4d9432c3470e98fe3d40c86d3db8,414062,414126,414062,414126,keep,1,False,
P000036,old,733c64dcd3284b3ba5424a875d214fd5,429157,429247,429157,429247,keep,1,False,
P000036,old,94ea35bab2d84a26803593353d75b608,442804,442837,442804,442837,keep,1,False,
P000036,old,a86e1bf6952b47d0a4bc7c869a880b83,447898,447939,447898,447939,keep,1,False,
P000036,old,c5567d1b6cd646929d94dcbd1f0dcc67,493077,493108,493077,493108,keep,1,False,
P000036,old,8f6902c6ba8f4f1c98192e0c17d78c5b,505042,505202,505042,505202,keep,1,False,
P000036,old,2375d869f63847859e5293ebf57e103d,521679,521723,521679,521723,keep,1,False,
P000037,old,68600ae49a884daa84078d79c1bc67bf,308,325,308,325,keep,1,False,
P000037,old,d1e59ba5d2ef4629bf10842724d37b7b,4944,5058,4944,5058,keep,1,False,
P000037,old,c5eaf93bc5a549ca9276e86c8b0bdbb5,56113,56177,56113,56177,keep,1,False,
P000037,old,46f24be2606540229e9ba3f3a705ccac,119607,119643,119607,119643,keep,1,False,
P000037,old,c53d1b08de684f08903c765e35e9c5e2,127971,128015,127971,128015,keep,1,False,
P000037,old,2d06fa39978d4db9865e44d73dadac52,140663,140711,140663,140711,keep,1,False,
P000037,old,59c9d2c0678f4fb289af9297fbe0e913,166344,166446,166344,166446,keep,1,False,
P000037,old,787d83cbad504e8d9dc67e1442596f93,308081,308141,308081,308141,end_unfixed,1,False,
P000037,old,c8a3deda7f184329881795b3bc3bf7a1,308143,308223,308143,308225,start_unfixed|end+2,1,False,
P000037,old,da79ca695c6540a68ce4829553512388,443653,443700,443653,443701,end+1,1,False,
P000037,old,e36ba2f2105641b0841872768c673c6c,448339,448402,448339,448493,end+3|trim_overlap|merge,2,False,
P000037,old,a954bd448070454bbf1b145a06072302,579284,579356,579284,579462,end+2|merge,2,False,
P000037,old,23aca1a4e211485dbc8d552b4704c908,686221,686303,686220,686419,start-1|end+2|merge,2,False,
P000037,old,752166a87e0f46feadb3214abed455e1,892661,892764,892661,892764,keep,1,False,
P000040,old,cd179b9f78d243caa9ef25f83ec7b4eb,127,201,127,201,keep,1,False,
P000044,old,d2d497840d4e4bbfb667a601349d9f4d,65,97,65,97,keep,1,False,
P000044,old,bc1850826a9a4fb7825f16459e72b279,12458,12493,12458,12493,keep,1,False,
P000044,old,c5f93451769f45c18fae4c829e01d344,24473,24507,24473,24507,keep,1,False,
P000044,old,66e1022d25fe4199ae196ecf3876d4de,46741,46779,46741,46779,keep,1,False,
P000044,old,b164ec6aeacd4147aa0f50f6ad346da5,63656,63685,63656,63685,keep,1,False,
P000044,old,69223bcfc4864f99a216bc4ec5c8e1a8,70358,70388,70358,70388,keep,1,False,
P000044,old,77a068c397a349b58712a9611695cb88,85419,85461,85419,85461,keep,1,False,
P000044,old,3aab803362ea450d88bfd3433c988b67,98237,98284,98237,98284,keep,1,False,
P000044,old,299a1592ee134526ae0e8c87c15db290,111151,111194,111151,111194,keep,1,False,
P000044,old,bb7c54d06c3a4e46a41006fde5f6e40f,128956,129002,128956,129002,keep,1,False,
P000044,old,60ccb4a36ba84e0c82c92adf2d25c82b,163366,163403,163366,163403,keep,1,False,
P000044,old,293ada577e094dfb9d8f302438271eb9,180049,180095,180049,180095,keep,1,False,
P000044,old,8f15e7ae99e2467d973b3f31d5136374,203832,203868,203832,203868,keep,1,False,
P000045,old,dff742f5bfa84c349f0506d49dc3926e,127,206,127,206,keep,1,False,
P000046,old,3ccf18ccb1b144e184aed5b16b697c3c,65,82,65,82,keep,1,False,
P000046,old,b9dc9a70ce0448fc8ef6136c9811f183,62329,62361,62329,62361,keep,1,False,
P000046,old,c536d6568f2c4858b899675a15ec3907,106178,106214,106178,106214,keep,1,False,
P000046,old,483e397fa9194669baf71be5d2c999e7,131978,132012,131978,132012,keep,1,False,
P000046,old,1b86d79e93fb4273adefa8f47c0ba692,140566,140599,140566,140599,keep,1,False,
P000046,old,51a2e9deb40c4441afe3e13b6265af0c,149013,149042,149013,149042,keep,1,False,
P000046,old,6f86295b2e93487dbf52af325c9566c2,157231,157276,157231,157276,keep,1,False,
P000046,old,a85fed4b884a4b5eb1e97cdca4470931,165745,165776,165745,165776,keep,1,False,
P000046,old,8e7aa39a8bb8494fa26bb62e7830c68e,192774,192811,192774,192811,keep,1,False,
P000046,old,dfe5de2f7f2d4037b6447c6a16c35e58,204078,204119,204078,204119,keep,1,False,
P000046,old,8abaca0540204ba0b764c387a3f04ce1,213599,213634,213599,213634,keep,1,False,
P000046,old,849e9940aa9042dd9a300b3c94499bb5,229202,229248,229202,229248,keep,1,False,
P000046,old,887355e6ebc646578e13269190479bb3,234384,234420,234384,234420,keep,1,False,
P000046,old,1f84cd1dcbcf4e84a0b92b0bdea5925f,243082,243117,243082,243117,keep,1,False,
P000046,old,9ebf1660eeb24fd7a53e0ad44754a1d0,248591,248622,248591,248622,keep,1,False,
P000047,old,00a169fe97354f4b8cca4fcdd86b6bd8,80,139,80,139,keep,1,False,
P000047,old,5e8a125c2aa941429cfdf246b3712eaa,141,151,141,151,keep,1,False,
P000047,old,c9ca79b3b174471bae0eda7ef06be563,5184,5195,5184,5195,keep,1,False,
P000047,old,bc19e04036614113a726ac3cf7e2c2f8,13372,13383,13372,13383,keep,1,False,
P000047,old,2f9b88f895274774a2f14657a17bbb3c,17434,17444,17434,17444,keep,1,False,
P000047,old,5950273126634ae89267c172c0d73408,23522,23531,23522,23531,keep,1,False,
P000047,old,93d660d7aab440a49df46f64d4a4216a,36085,36096,36085,36096,keep,1,False,
P000047,old,20c5940230bb489e88ea89f8fe4aaa91,51750,51761,51750,51761,keep,1,False,
P000047,old,a1f4663215e14e9ca9252e6d72648641,60895,60907,60895,60907,keep,1,False,
P000047,old,2729d389eecb440ba26c3a9d986491d0,82473,82483,82473,82483,keep,1,False,
P000047,old,982fb11c5a6a4e39b70dc04f486efea5,101551,101561,101551,101561,keep,1,False,
P000048,old,066db25c7c72404d94798ee95f75e195,2042,2108,2042,2108,keep,1,False,
P000048,old,398085b9805c4fb6a918d517690dd8a2,522323,522396,522323,522396,keep,1,False,
P000051,old,804dcfde873b4ebeb0b8faba6dcf73d6,3091,3184,3091,3184,keep,1,False,
P000051,old,41f61acc00c3471ab0356b4e86c9c28a,6346,6377,6346,6377,keep,1,False,
P000051,old,7b5e5bc84d80476ebe7d5557f7b8df8d,13185,13240,13185,13240,keep,1,False,
P000051,old,2e5a3fe7738140dc8ddc6048fc960225,52399,52418,52399,52418,keep,1,False,
P000051,old,15124f576cd7426d85fb7d4a6175f528,69675,69695,69675,69696,end+1,1,False,
P000052,old,2f465baea4794b5cb086aeeda2f119f1,73,117,73,117,keep,1,False,
P000053,old,a92398afd07348a3b66a61b71365e3de,122,215,122,215,keep,1,False,
P000053,old,e086a91e692f4175b8ceaddf8c6bd003,217,304,217,304,keep,1,False,
P000054,old,dd008521ad604cb9ab3aeed95b8e4fd0,185,202,185,202,keep,1,False,
P000054,old,53ba3a43e6e24a458f1a01cc0e4abcc1,4821,4935,4821,4935,keep,1,False,
P000054,old,8a4546d06f4b4957914814ad194c67dd,37718,37795,37718,37795,keep,1,False,
P000054,old,615a6b099af04c66bfd07f2ce3ede76b,37797,37931,37797,37931,keep,1,False,
P000055,old,3e42c4978bed485798d3ca845297d549,108,151,108,151,keep,1,False,
P000055,old,eee64caac33e44408d900f28335091bb,47422,47502,47422,47502,keep,1,False,
P000055,old,7a04cf5600f1454eb6224bb46313a9f7,159966,160019,159966,160019,keep,1,False,
P000055,old,76f397fa8a014343a88510e2425277bd,227913,227964,227913,227964,keep,1,False,
P000056,old,ed4120d116844de8a7f4d7735cc6677f,175,185,175,185,keep,1,False,
P000056,old,614b2cc258c84698a135b9f844e368c7,1494,1523,1494,1523,keep,1,False,
P000061,old,affe577eceb74da392b8bea6637f4b54,145,238,145,238,keep,1,False,
P000062,old,87f52e8bdfe942b9a2da172f9225e29d,104,185,104,185,keep,1,False,
P000062,old,0bdc18df50be4e94893d0a7f48223f67,187,262,187,262,keep,1,False,
P000063,old,8286d78a381b4937b430218558f99ecf,45,153,45,153,keep,1,True,offsets_drift_not_heading_shaped
P000063,old,0c220f17dd4d4476a70f3d33cd943e98,2711,2866,2711,2866,keep,1,True,offsets_drift_not_heading_shaped
P000063,old,facaa1a22a064a229c68c06ff09ffff8,2868,2878,2868,2878,keep,1,True,offsets_drift_not_heading_shaped
P000063,old,ff5c37ef1b6a49758f619b91780ff8d9,3773,3788,3773,3788,keep,1,True,offsets_drift_not_heading_shaped
P000063,old,f8b18b3e73b34c489d680033df43bb49,3960,3968,3959,3968,start-1,1,True,offsets_drift_not_heading_shaped
P000063,old,acac73dc633f47bdbeccca38e792fab8,173406,173424,173406,173425,end+1,1,True,offsets_drift_not_heading_shaped
P000067,old,25971ea51dd645a2b05659c8faf6fbe3,96,145,96,145,keep,1,False,
P000067,old,e3e77598117e4ad0966de65873bcece1,147,160,147,160,keep,1,False,
P000067,old,ca82234f8c1346ad9a172504409942d6,36314,36360,36314,36360,keep,1,False,
P000067,old,6fda3ee4dfb44da48bbdc9740f8ecfc7,36362,36375,36362,36375,keep,1,False,
P000067,old,3c159622bae4495a9d257304f598a795,68743,68792,68743,68792,keep,1,False,
P000067,old,7a969c4018774228ac095f131e1bf20b,68794,68820,68794,68820,keep,1,False,
P000067,old,87244cdc6d804b2ca420c7f82cf50b78,233290,233362,233290,233362,keep,1,False,
P000068,old,a04a807e77de4cd5a634e4f9ab086949,62,79,62,79,keep,1,False,
P000070,old,5bd996e173674698a271b1ddddde5184,176,207,176,207,keep,1,False,
P000070,old,8342822029994330bf7d83283589099f,61597,61625,61597,61625,keep,1,False,
P000070,old,b2e85d88d92b4c2f99cb554bcb91fd0e,212992,213037,212992,213037,keep,1,False,
P000070,old,29a3b6f58edd4f3d9dc55dcba985cd28,213509,213542,213509,213542,keep,1,False,
P000070,old,8fddd0902ab8458bb83b96c4e852f687,292006,292036,292006,292036,keep,1,False,
P000070,old,8f5a8715aba34f15a8572b47bba243b8,292038,292117,292038,292117,keep,1,False,
P000070,old,72e147e24bce415382ddc3e97bcd5dad,345765,345828,345765,345828,keep,1,False,
P000070,old,13b3241c3e5c4f3889b559f26a237f31,345830,345888,345830,345888,keep,1,False,
P000071,old,20ffecf5f14b409aa354e0acc206b116,326,343,326,343,keep,1,False,
P000071,old,dbe80d90673f4fd0a7ff76c9ce85eea3,4211,4233,4211,4233,keep,1,False,
P000071,old,863a814dc63f49058db13bac7cb73487,12753,12835,12753,12835,keep,1,False,
P000071,old,62697a67a6d149f880bf3837ec5c7a16,87485,87500,87484,87500,start-1,1,False,
P000071,old,626677e364b543d9b4a3d0b04642f632,89763,89830,89762,89830,start-1,1,False,
P000071,old,201ec019dd77481c8bb760f9bdcda4fd,152959,152990,152958,152990,start-1,1,False,
P000071,old,033723df3f904ec0a3ef6b742836b983,185944,185987,185943,185987,start-1,1,False,
P000071,old,2cfac739c7a847d5833193abfb750b2f,188334,188419,188333,188419,start-1,1,False,
P000071,old,57a903a4f55f4d04a93e5dcff77b00d2,229662,229709,229660,229709,start-2,1,False,
P000071,old,df05c7256fd64247abd16ede746ae331,232181,232227,232181,232227,keep,1,False,
P000072,old,568e983b991640a9a24daf8c8db9475d,170,306,170,306,keep,1,False,
P000074,old,30c093aa99c341d1ad8890eb467ff07e,118,134,118,134,keep,1,False,
P000074,old,41120e5d55b44a84be95e75e06d13fb2,2534,2610,2534,2610,keep,1,False,
P000076,old,312d530b0b1243e9a10a9334f07ac1d2,132,211,132,211,keep,1,False,
P000078,old,8de09c8c35ed412f98b985399f0d0e77,63,80,63,80,keep,1,False,
P000078,old,45468fb5852b4c2b94c904b4bc82dc2e,493623,493686,493623,493686,keep,1,False,
P000079,old,6e46f3f7e50143578e2af77925ccfd82,212,272,212,272,keep,1,False,
P000079,old,3362b72b4aad43dcba4fbbc3cbcc2af7,1685,1726,1685,1726,keep,1,False,
P000079,old,757e82de0e4f4ef2a3de09c1c6208140,3421,3561,3421,3561,keep,1,False,
P000079,old,cfa0fa2ada844ed49f824e4e144c4c16,5402,5470,5402,5470,keep,1,False,
P000079,old,c7b23eeb85d54f36a239a3030ef1d7ca,92121,92196,92121,92196,keep,1,False,
P000079,old,a59955810f10423bb0d1791edf1fff80,156099,156154,156099,156154,keep,1,False,
P000079,old,f4343f8fa64a49cb8385aa683855edd2,213355,213413,213355,213414,end+1,1,False,
P000079,old,a9af1e57bd214b53a8f49a395dbfa36e,302440,302516,302440,302516,keep,1,False,
P000079,old,4c6eecf73f1d40e1a024afadfc6059d1,306433,306504,306433,306504,keep,1,False,
P000079,old,4d4b3653b3b04c56adfde2d845481824,309213,309265,309213,309265,keep,1,False,
P000079,old,c96ab725aac742a7a6b0150cf59c2d87,312598,312723,312598,312723,keep,1,False,
P000079,old,26d9d95ad09c4f468220ea77490b1eaf,315713,315840,315713,315840,keep,1,False,
P000079,old,a900ac0d859e461981907a57133c6184,317525,317544,317525,317544,keep,1,False,
P000080,old,b021b75dc04f4c7cb97fb618b1e0c81b,104,166,104,166,keep,1,False,
P000080,old,4972439e890c4535990b9418c88dd030,3951,4013,3951,4013,keep,1,False,
P000080,old,f37049798ca348f2bcdb94a81ca36809,68404,68507,68404,68507,keep,1,False,
P000080,old,485d51875186426eb0f7d0c6344ec691,159220,159231,159220,159231,keep,1,False,
P000080,old,236b0aa45b484ab68a2a5f83f0c2f899,161424,161436,161424,161436,keep,1,False,
P000080,old,d0fa267f737b4cda9d8a4886f0feaf38,229124,229218,229124,229218,keep,1,False,
P000080,old,ed1b71aa70444ad4814c0797de0c62bf,230727,230741,230727,230741,keep,1,False,
P000080,old,053ebfa8dfe54353a8cef4a6672c4720,231262,231277,231262,231277,keep,1,False,
P000080,old,10aef4b2ed9849c5b8965b0baad39d5d,232405,232420,232405,232420,keep,1,False,
P000080,old,0fa9ac5d95264c6991bac8b16c5372a2,234649,234663,234649,234663,keep,1,False,
P000080,old,920e5543d59a4b00b25b5e4bcc82cc6a,235326,235339,235326,235339,keep,1,False,
P000080,old,6a824333a5704220b74476d8c588dc24,236642,236657,236642,236657,keep,1,False,
P000080,old,dc98f7230047482ebe0bb8cfa7f2d75a,237663,237678,237663,237678,keep,1,False,
P000080,old,c5b013a4dee94562802e5f393d3bc8ec,238460,238476,238460,238476,keep,1,False,
P000080,old,946f0b52275d4535b91db3d63b3bf691,240208,240222,240208,240222,keep,1,False,
P000080,old,e168ec854aee4c42af548a4416081df7,240812,240826,240812,240826,keep,1,False,
P000080,old,646b29624d764ee2a64f1f98ddcfa679,242509,242528,242509,242528,keep,1,False,
P000080,old,7da422f5f08547c1be33336d56c79b58,243118,243137,243118,243137,keep,1,False,
P000080,old,1847141d12e245e78b7e21b77943b8c7,244017,244036,244017,244036,keep,1,False,
P000080,old,f913531445b7487f96c3b99f0e9e91fd,244286,244304,244286,244304,keep,1,False,
P000080,old,d40a43126ef5475c8517ad856c4fa92c,245879,245896,245879,245896,keep,1,False,
P000080,old,31fa6b7ba69f4cef9f862c33dcb7f8ed,246415,246434,246415,246434,keep,1,False,
P000080,old,fdc80d797774426084a32d31568f4224,246836,246855,246836,246855,keep,1,False,
P000080,old,8ccc6d495ec34c2a9d65a0c45e4b851b,247125,247145,247125,247145,keep,1,False,
P000080,old,cfe6adf5e6064f699baf9bd310f76d93,248264,248282,248264,248282,keep,1,False,
P000080,old,d898cc4e4f35490bbe9dce36519ee7c7,249071,249087,249071,249087,keep,1,False,
P000080,old,49947ef495b14b17998d8070e6af07ff,249373,249392,249373,249392,keep,1,False,
P000080,old,7001719298b94c7ea0c5a0d924532d82,250005,250029,250005,250029,keep,1,False,
P000080,old,2c91d555ebd546b58b1a33d6d81a4760,251432,251590,251432,251590,keep,1,False,
P000080,old,e354816993ce4ac8800e53ec32f319c9,316763,316875,316763,316875,keep,1,False,
P000080,old,c9b4656442e14b799931b7231ef58020,359751,359852,359751,359852,keep,1,False,
P000084,old,f78c996faebd4b4a8405a095195c2537,91,135,91,135,keep,1,False,
P000084,old,40c069f5958b40dcb4fb06e2ac6a2484,21789,21859,21789,21859,keep,1,False,
P000084,old,60c7eda55446481cbb30272b3496d407,66006,66039,66006,66039,keep,1,False,
P000084,old,d87aef1a87f2410fa3a35a87b9188615,119622,119660,119622,119660,keep,1,False,
P000085,old,aaf4d25b341a4452a2046e5d3432c182,155,272,155,272,keep,1,False,
P000087,old,68878c2ee43c497786380df9d1f14fab,311,328,311,328,keep,1,True,offsets_drift_not_heading_shaped
P000087,old,1d3c12911a3148e2afccb768364f6649,4952,5066,4952,5066,keep,1,True,offsets_drift_not_heading_shaped
P000087,old,6be57a5e6d1846b999bd5b0e7ceb0fd4,37857,38114,37857,38114,keep,1,True,offsets_drift_not_heading_shaped
P000087,old,b1b6b4e9532f4183861e4c531ab19dcb,38116,38203,38116,38203,keep,1,True,offsets_drift_not_heading_shaped
P000087,old,bf02347096d44853bab32b4d63ecadf7,38205,38229,38205,38230,end+1,1,True,offsets_drift_not_heading_shaped
P000087,old,218d21850acf4547a4aaf056329c8695,38231,38263,38231,38263,keep,1,True,offsets_drift_not_heading_shaped
P000087,old,871d32b0c85a4d91a1666ef84fd701f9,38265,38295,38265,38295,keep,1,True,offsets_drift_not_heading_shaped
P000087,old,605cd72783ac4867a422bfc225d6cc32,38297,38326,38297,38326,keep,1,True,offsets_drift_not_heading_shaped
P000087,old,a34a9394a89842c1b3a1a4ac968e3e97,38328,38358,38328,38358,keep,1,True,offsets_drift_not_heading_shaped
P000087,old,7f5fcd3847dc4c8b9f9ff961eae47a7f,73223,73306,73223,73306,keep,1,True,offsets_drift_not_heading_shaped
P000087,old,10c429aab0cd46d886731f55afa113a7,169296,169399,169296,169399,keep,1,True,offsets_drift_not_heading_shaped
P000087,old,c170884ca0aa4b8f99cacaf54f51c0ed,175418,175452,175418,175452,keep,1,True,offsets_drift_not_heading_shaped
P000087,old,e106344be41f457d81b27b43234022d5,180321,180433,180321,180433,keep,1,True,offsets_drift_not_heading_shaped
P000087,old,31782697e1824f5a98e5542abdfb9080,368669,368764,368669,368764,keep,1,True,offsets_drift_not_heading_shaped
P000087,old,ae6361f38c954cb2b443173763373c24,413783,413877,413783,413879,end+2,1,True,offsets_drift_not_heading_shaped
P000087,old,2a9c2e5faa6e47c8a03184e95b6a816a,427083,427137,427083,427140,end+3,1,True,offsets_drift_not_heading_shaped
P000087,old,588329a3193340239c3742103bdf0e24,446920,446981,446920,446982,end+1,1,True,offsets_drift_not_heading_shaped
P000087,old,388490fc916f4e20a68dad5622f59090,462228,462289,462228,462388,keep|merge|merge,3,True,offsets_drift_not_heading_shaped
P000087,old,0a152710730044db82c01165893051cc,479342,479411,479339,479413,start-3|end+2,1,True,offsets_drift_not_heading_shaped
P000087,old,639d8289ea6e4ee9a27789e4626dbf92,498107,498210,498107,498212,end+2,1,True,offsets_drift_not_heading_shaped
P000087,old,572242afcbe743e789760a24b520775c,522830,522921,522829,522921,start-1,1,True,offsets_drift_not_heading_shaped
P000087,old,836dde8207a7405ebaf8ab5aa053573f,542654,542686,542653,542686,start-1,1,True,offsets_drift_not_heading_shaped
P000087,old,0bfc3ce63e2c4fa0ac4f07ddd1feb907,547919,547987,547918,547989,start-1|end+2,1,True,offsets_drift_not_heading_shaped
P000087,old,140c357b0a6f4022ac80fb2c9ad332f1,556532,556580,556531,556581,start-1|end+1,1,True,offsets_drift_not_heading_shaped
P000087,old,b34b80cabf2c490a844ed9af222996c4,564562,564676,564562,564676,keep,1,True,offsets_drift_not_heading_shaped
P000087,old,24f31db3b2d54b6884b52854ed039190,581807,581834,581804,581836,start-3|end+2,1,True,offsets_drift_not_heading_shaped
P000087,old,ebdf122df94c4b8ebfb0dc56a98bd3b8,591931,592001,591929,592003,start-2|end+2,1,True,offsets_drift_not_heading_shaped
P000087,old,a645ac1d7fed452697f87c802cc791da,647523,647573,647522,647573,start-1,1,True,offsets_drift_not_heading_shaped
P000087,old,4eda440390a94faa8e8d503cbf0100f6,667934,667997,667934,668000,end+3,1,True,offsets_drift_not_heading_shaped
P000089,old,7fe6351accf7406da1afe1b3f984fd0f,220,237,220,237,keep,1,False,
P000089,old,d485d13695d643da849949bb24609425,4857,4971,4857,4971,keep,1,False,
P000089,old,0dd00c9762e0411fa74a6b1fdfdacf66,37753,37921,37753,37921,keep,1,False,
P000089,old,5f86ee074d164ec78ecc8ee4d35ec25a,37923,37996,37923,37996,keep,1,False,
P000089,old,8b5e1fcbe1f5434a9cf84c1692614295,478924,479063,478924,479063,keep,1,False,
P000089,old,7e6b27fee8cc42f1abf7e9106ed644a4,526656,526741,526656,526741,keep,1,False,
P000091,old,a66db9fbb1f445da84923d5d8436f36f,225,394,225,394,keep,1,False,
P000091,old,4f6de2d2f7da43f0b567d40cd0112da4,396,482,396,483,end+1,1,False,
P000091,old,d31c66b8a238439b8578f5cbf633d480,484,567,484,567,keep,1,False,
P000091,old,f9174bae45c7404a90129bbec5fc736a,569,650,569,650,keep,1,False,
P000091,old,2aeac6ba513b4690a2674f8d9dd8c01c,652,738,652,738,keep,1,False,
P000094,old,adca52a1e12f45db87d5f466082c7324,145,162,145,162,keep,1,False,
P000094,old,b452d115d17f447d874096146a32aa9e,3031,3115,3031,3115,keep,1,False,
P000094,old,6efbcb73eb6f4651bd0e70fdf35a5702,141643,141734,141643,141734,keep,1,False,
P000094,old,e7cc90a2a9594194bb13983074783a0b,196331,196348,196331,196349,end+1,1,False,
P000095,old,29d3385c48e34f35955cb5c67ac561e7,96,153,96,153,keep,1,False,
P000095,old,28f4e29d781342979edca89acc6b2218,155,221,155,221,keep,1,False,
P000097,old,6c3262111bab4d7b853a3e205ab871b2,191,330,191,330,keep,1,False,
P000098,old,aada75fe82c345a394c43c2ce8cf8687,129,194,129,194,keep,1,False,
P000099,old,970ca2c98d08444f90b4da3498f032f4,117,191,117,191,keep,1,False,
P000099,old,7e8917977d6b454ca5624d6d084ae376,846,863,846,863,keep,1,False,
P000099,old,41789a7ef1834d638b91867d490de0d2,235183,235191,235183,235191,keep,1,False,
P000100,old,fda6eed50a8c4afeb28e8435abce0297,153,256,153,256,keep,1,False,
P000106,old,54221f19832e4597adb91f2599d7c973,14235,14281,14235,14281,keep,1,False,
P000106,old,ded2dca53d7d454dbc8abef33f1b3709,14283,14333,14283,14333,keep,1,False,
P000106,old,6ae2a81de68b486f9bf83c157bd1058b,16918,16955,16918,16955,keep,1,False,
P000106,old,bb2d0d24db0540e2a17623102aaede8f,20865,20903,20865,20903,keep,1,False,
P000106,old,c425b23318c444e6ba0f8cc809cafbf6,28030,28065,28030,28065,keep,1,False,
P000106,old,0796540eeb2d4eb9ab6f5280bf5d6298,36263,36292,36263,36292,keep,1,False,
P000106,old,71fee3cbc6924207b6cdc8acabae1070,43701,43756,43701,43756,keep,1,False,
P000106,old,46490d68d6044f6381e63cca7935b5ce,48545,48578,48545,48578,keep,1,False,
P000106,old,9e109ddf7aad41f794c77434770d04f1,50345,50385,50345,50385,keep,1,False,
P000106,old,a1d974eb90fc49d39973167154d279b4,52712,52754,52712,52754,keep,1,False,
P000106,old,df259d0f304d461186744f36b7064c10,58493,58523,58493,58523,keep,1,False,
P000106,old,b0660df3481240a592424ae6610dd080,60605,60650,60605,60650,keep,1,False,
P000106,old,2c54808f974341a5ad9fdc477bac1785,66829,66858,66829,66858,keep,1,False,
P000106,old,167ace207ec54f269955973ba705eca8,70370,70419,70370,70419,keep,1,False,
P000106,old,1cd10a89494b4de3a4dcec58376912d2,76163,76231,76163,76231,keep,1,False,
P000106,old,4e566278ef4249e2987df41863cf3689,83372,83406,83372,83406,keep,1,False,
P000106,old,4a7c3548ef66499aa233d197b9474e76,83408,83467,83408,83467,keep,1,False,
P000106,old,eaab2bd4d2ce415b83a8226adc2b7af2,83593,83621,83593,83621,keep,1,False,
P000106,old,581f2480f7ad474b9d3cf4fef269acf5,87932,87953,87932,87953,keep,1,False,
P000106,old,09c9b56e38e7478b85f70283361a5d07,93327,93344,93327,93344,keep,1,False,
P000106,old,9fb25a0eb2af4508af43ad332a71bc44,96205,96223,96205,96223,keep,1,False,
P000106,old,867f85da64ab41358b31552613fac282,97046,97072,97046,97072,keep,1,False,
P000106,old,64e5f9e64e2745c990a6734d1b01397b,99836,99858,99836,99858,keep,1,False,
P000106,old,d9c85d51133c4d099b14649b1f9b828c,103052,103089,103052,103089,keep,1,False,
P000106,old,7b7056b89f674241831010ca34e849c5,106560,106603,106560,106603,keep,1,False,
P000106,old,5eb99bcd8e924c098bd49d7d80021464,113107,113132,113107,113132,keep,1,False,
P000106,old,3c5af0c5f93d4ae8b1fec6d049aabd64,115797,115815,115797,115815,keep,1,False,
P000106,old,c406b3b3425c4f25b83c535048fa78a4,121062,121090,121062,121090,keep,1,False,
P000106,old,cf0ab2858c2240e8829b95abd021480e,122915,122928,122915,122928,keep,1,False,
P000106,old,f43456734139495592f7f0ed2685bb68,122930,122952,122930,122952,keep,1,False,
P000106,old,da06130282e74d56ac44ad8a88a61987,124762,124798,124762,124798,keep,1,False,
P000106,old,130080a677844d5198a3ab37089e15cb,132393,132425,132393,132425,keep,1,False,
P000106,old,7dfee6c867f448c69a14fa6f2ef97315,141424,141453,141424,141453,keep,1,False,
P000106,old,40aabd7aaa8a438b8a9f47efa5bc8f64,154476,154516,154476,154516,keep,1,False,
P000106,old,fecd85f3c12f422983a85415237b7643,162714,162744,162714,162744,keep,1,False,
P000106,old,f3fc1691a09b4f47ac7bdb5d7493f83e,164201,164221,164201,164221,keep,1,False,
P000106,old,7d498977a9fb4855934cfa77e0e083ef,165890,165912,165890,165912,keep,1,False,
P000106,old,b7987500b61a43cd8622f0a7571db403,167381,167405,167381,167405,keep,1,False,
P000106,old,f682ef90a6fe40feaae215ab9c7388c8,172572,172592,172572,172592,keep,1,False,
P000106,old,248d0a5479f14fecb8855a4575fbf9dc,173235,173279,173235,173279,keep,1,False,
P000106,old,dd7b02054e8846ffb22e07eb6aac015d,175064,175090,175064,175090,keep,1,False,
P000106,old,59b76396987d458ca4ed2c23824dd70e,176231,176281,176231,176281,keep,1,False,
P000106,old,08a6754c62ca41ffa0773aa2caae2ca9,176283,176322,176283,176322,keep,1,False,
P000106,old,d37ff1b3256d4186a13602ef3058c70f,200330,200354,200330,200354,keep,1,False,
P000106,old,76890595849a44a3ab4d335d0250b938,210120,210143,210120,210143,keep,1,False,
P000106,old,64213da802a44f7ca9d9a0e6625e91c6,215882,215927,215882,215927,keep,1,False,
P000106,old,9572e146f01d442886fcc3ec06718a23,230481,230502,230481,230502,keep,1,False,
P000107,old,a79a5196df2148efadcaaa5149d6a327,170,288,170,288,keep,1,False,
P000108,old,3a4894b7bc22497f9cca6e9aad81bca3,83,100,83,100,keep,1,False,
P000108,old,f82b476e34954e5b9ff7de5c2eabb4e9,1128,1153,1128,1153,keep,1,False,
P000108,old,9079827ea9e1488794e649a7e20c96c1,3179,3231,3179,3231,keep,1,False,
P000108,old,fb792a423a864122a8b6c4581c807232,5416,5470,5416,5470,keep,1,False,
P000108,old,55fee2f20a004bfe8378a3b07720b030,7095,7132,7095,7132,keep,1,False,
P000108,old,5e79c69e35c444858a420ccf0339611e,9532,9556,9532,9556,keep,1,False,
P000108,old,6799d3045a2e421b978e88394902fb59,10438,10461,10438,10461,keep,1,False,
P000108,old,e42c73d12fbd438b86fc7b408cea9941,11718,11746,11718,11746,keep,1,False,
P000108,old,75afee2b9de74f3e946ba3ce2d9ac306,15156,15193,15156,15193,keep,1,False,
P000108,old,d8ae6013f2914530b61d2944b79d4ef3,16023,16079,16023,16079,keep,1,False,
P000108,old,396f6a867c24402c8f8239c60445ab7c,29006,29060,29006,29060,keep,1,False,
P000108,old,4d90792044f14d33893ca89be42cb2c1,32022,32054,32022,32054,keep,1,False,
P000108,old,ebc02c81ca3145b39168abfe69188a9f,33055,33088,33055,33088,keep,1,False,
P000108,old,1dd543c6b7384b349f20b6b188426819,36525,36555,36525,36555,keep,1,False,
P000108,old,d2517124eb6f4f1692f2f25ad6e4b10a,37877,37898,37877,37898,keep,1,False,
P000108,old,5690a989bdae4baa88b960b43b643cf8,40699,40736,40699,40736,keep,1,False,
P000108,old,f1c7b44ed4c64fb5bce4714c15406c85,41590,41642,41590,41642,keep,1,False,
P000108,old,78e203d13d4440f89a026a2ebd5fdf63,45197,45251,45197,45251,keep,1,False,
P000108,old,a842c0d65ad7448ea6b9c0ab31176546,48731,48774,48731,48774,keep,1,False,
P000108,old,b1726edfb44747968ce2a0cf9a8408da,49847,49908,49847,49908,keep,1,False,
P000108,old,b3409460cb46423bbd01a0d30ab8d570,52777,52804,52777,52804,keep,1,False,
P000108,old,bd197ffb5cc149168e568a889b9aa12d,57584,57612,57584,57612,keep,1,False,
P000108,old,7595f18f76794031ae0fc792960f5f22,58289,58331,58289,58331,keep,1,False,
P000108,old,6c5e238796654034894cda6000764304,65122,65170,65122,65170,keep,1,False,
P000108,old,2e076338ff97401c82557df80a0a3a5a,66256,66310,66256,66310,keep,1,False,
P000108,old,cf25ed3f977041d790ebdf95dbd60bcd,68478,68522,68478,68522,keep,1,False,
P000108,old,d1b41ca0d8864ba9a48e0a9461f7a823,72275,72327,72275,72327,keep,1,False,
P000108,old,987ef6eea7704f4ba2242e484f9ebfc9,74345,74386,74345,74386,keep,1,False,
P000108,old,39603b8738824e34858558a264e27763,78166,78208,78166,78208,keep,1,False,
P000108,old,bbfcda900ac14b168b201f43d4cdeb6e,79108,79138,79108,79138,keep,1,False,
P000108,old,7bf768638f494d8ba739d792bff87bf0,83198,83252,83198,83252,keep,1,False,
P000108,old,415eb916b1bc4288b69f244a0ccaaf9a,87357,87384,87357,87384,keep,1,False,
P000108,old,3f3c66ac150c429ca1f58d9ec853602f,88828,88854,88828,88854,keep,1,False,
P000108,old,83bcfffb4bfe4dca9dfebca0c348d464,89868,89889,89868,89889,keep,1,False,
P000108,old,6cd9f56f05d24f91867628292597cb5e,92082,92103,92082,92103,keep,1,False,
P000108,old,58f4f699b0a44c3eab884e43f438bb2f,93495,93536,93495,93536,keep,1,False,
P000108,old,ee5623e19f004b8aa3736c58c5994c81,95409,95469,95409,95469,keep,1,False,
P000108,old,39b85cd1c5534f00a1663318606b9846,95950,95973,95950,95973,keep,1,False,
P000108,old,2d6a635ee1b94d07827df769158a7485,101030,101077,101030,101077,keep,1,False,
P000108,old,9724dfae21514757bb1081c310e3ea09,105129,105167,105129,105167,keep,1,False,
P000108,old,98b000e0de6940dbadad288d75469782,106758,106800,106758,106800,keep,1,False,
P000108,old,01d485a89a27438eae99de62fbeb9dac,108063,108114,108063,108114,keep,1,False,
P000108,old,aef793e1ded347459da7056d861a97fd,109704,109734,109704,109734,keep,1,False,
P000108,old,51e38bf615d94d55b355128dd5a34fe1,117114,117146,117114,117146,keep,1,False,
P000108,old,1f44096aaa2b49c9942a749de9d52eb9,122378,122414,122378,122414,keep,1,False,
P000108,old,b90f66c9c3d54682b3021f28cecd363f,130085,130116,130085,130116,keep,1,False,
P000108,old,438017d91fd943e8af37c16cdef42ee0,130590,130612,130590,130612,keep,1,False,
P000108,old,61915b2ffb62476b837244398c554e99,137417,137446,137417,137446,keep,1,False,
P000108,old,7bb4945bb041429e97ef9876d78ad562,141379,141422,141379,141422,keep,1,False,
P000108,old,d1122c3a28a34ff5b549843b3291d94d,154354,154405,154354,154405,keep,1,False,
P000108,old,d63904cc92154e8d9efdcdf3f894629f,173194,173228,173194,173228,keep,1,False,
P000108,old,e025c559d386459985f3deafd330dce8,174220,174257,174220,174257,keep,1,False,
P000108,old,e971b012135c4ff3bea90f4410a2962d,184012,184058,184012,184058,keep,1,False,
P000108,old,db1467e738e84020bb89679d438b92b9,187928,187979,187928,187979,keep,1,False,
P000109,old,83616e4fc45c4b69b176acebbb0de344,132,197,132,197,keep,1,False,
P000110,old,807110345b6c4e89b9fba2b2a084900b,74,146,74,146,keep,1,False,
P000110,old,76c381d798be4b75b59d2ec5c02277e2,7743,7780,7743,7780,keep,1,False,
P000110,old,59550127a0f249cfa4fb7617618f0a3a,13295,13337,13295,13337,keep,1,False,
P000110,old,a5f7923081254fcfa65636ec602268c3,41423,41466,41423,41466,keep,1,False,
P000110,old,52bba9b4aed84acfa64eb2bb994b5401,68099,68137,68099,68137,keep,1,False,
P000110,old,2b6cb65ff11b4c7d9f6634ad854b3a54,76965,76989,76965,76989,keep,1,False,
P000110,old,6bfe54b201a74cda81ed2872998b2e08,81526,81554,81526,81554,keep,1,False,
P000110,old,d4a6f7bbf11c4c89ba641fd6b186dfbc,90972,91001,90972,91001,keep,1,False,
P000111,old,9a4446761f82499baec52f328739f8f1,46,213,46,213,keep,1,False,
P000111,old,426622fdff424c73b52da42ac1255308,2065,2099,2065,2099,keep,1,False,
P000112,old,16a11b91cb8a4e85913ce7e6d0dd1474,74,110,74,110,keep,1,False,
P000112,old,5eeb913384e54ea3bf11a7415437f30c,48230,48288,48230,48288,keep,1,False,
P000114,old,d5cff131d04c4201a4a3213fdf92202d,1786,1874,1786,1874,keep,1,False,
P000115,old,b26245d16a98468899fb713264f4a19b,116,132,116,132,keep,1,False,
P000115,old,7e4311e70fc741de91e6ee9bd96d682a,1750,1815,1750,1815,keep,1,False,
P000115,old,1138d5a0d7954e3fa24b06ab5e5a2e01,108075,108153,108075,108153,keep,1,False,
P000116,old,858e43d9e5f54455a2e387c5dcb1dbd3,82,115,82,115,keep,1,False,
P000116,old,d61f1e06a6904626ae97f7d2610638ad,7791,7865,7791,7865,keep,1,False,
P000117,old,c7de6782e44a4e7b8f348c8af97fa37e,183,193,183,193,keep,1,True,offsets_drift_not_heading_shaped
P000117,old,adf9cf5c862d49198f603300481e605c,519,536,519,536,keep,1,True,offsets_drift_not_heading_shaped
P000117,old,b981209e4c0c47ddbec45f9652ebd3cf,9340,9355,9340,9356,end+1,1,True,offsets_drift_not_heading_shaped
P000117,old,8892e5e839f349aa9da049f90e91ef0c,10980,10996,10978,10996,start-2,1,True,offsets_drift_not_heading_shaped
P000117,old,ef8e9bca4d11460ca9af76472fe81001,12757,12787,12754,12789,start-3|end+2,1,True,offsets_drift_not_heading_shaped
P000117,old,3f0b41b3cc4f4c66beca2c12bf1d8bbd,13566,13586,13564,13586,start-2,1,True,offsets_drift_not_heading_shaped
P000117,old,44ac251e4b48489e914913e3d9949d88,14483,14510,14481,14510,start-2|end_unfixed,1,True,offsets_drift_not_heading_shaped
P000117,old,3715ad10ef0e434b9a6b24ba6ef80724,16496,16528,16494,16529,start-2|end+1,1,True,offsets_drift_not_heading_shaped
P000117,old,5645870aa70f4f90bc1bc3a70903f61a,20435,20458,20432,20459,start-3|end+1,1,True,offsets_drift_not_heading_shaped
P000117,old,fea15c742aaf4a429f319ad5085882a1,21936,21966,21933,21966,start-3|end_unfixed,1,True,offsets_drift_not_heading_shaped
P000117,old,615f3eab391d44ae93f67eec8bc8bcc0,25172,25217,25169,25217,start-3,1,True,offsets_drift_not_heading_shaped
P000117,old,62a8496b11034905878743dd71adfd57,27936,27963,27935,27963,start-1,1,True,offsets_drift_not_heading_shaped
P000117,old,be5576f74d764624b23a865b946d69db,30597,30624,30594,30624,start-3,1,True,offsets_drift_not_heading_shaped
P000117,old,a91d0ca0b17648c7b9c7ffcef12b182f,31603,31630,31600,31630,start-3,1,True,offsets_drift_not_heading_shaped
P000117,old,d90e7476c7cc4ecfaf80bee1e3750c9a,33016,33048,33016,33048,start_unfixed,1,True,offsets_drift_not_heading_shaped
P000117,old,b33bbf8584ca48e1af51e324325968c9,36380,36406,36379,36406,start-1,1,True,offsets_drift_not_heading_shaped
P000117,old,58f296a6bcd84bdc843cfcec26684d79,37488,37521,37485,37523,start-3|end+2,1,True,offsets_drift_not_heading_shaped
P000117,old,7399861f75214d2bbdd717259f720415,38647,38672,38647,38672,keep,1,True,offsets_drift_not_heading_shaped
P000117,old,1c7af532abad4d949d4cc5ddc9f5ad45,39845,39867,39843,39867,start-2,1,True,offsets_drift_not_heading_shaped
P000117,old,04f6b6933602444ba034c2cefbd04cfc,40706,40731,40703,40733,start-3|end+2,1,True,offsets_drift_not_heading_shaped
P000117,old,1c600f6d198f446a8386472800c7bee2,41571,41600,41568,41602,start-3|end+2,1,True,offsets_drift_not_heading_shaped
P000117,old,2f5a63232b6a46a39c86fcacbde9175f,42627,42653,42624,42655,start-3|end+2,1,True,offsets_drift_not_heading_shaped
P000117,old,27f888c030564015a5736f184ab82292,43985,44012,43983,44014,start-2|end+2,1,True,offsets_drift_not_heading_shaped
P000117,old,25d16296910443788f4fca37e65c2315,45184,45211,45181,45212,start-3|end+1,1,True,offsets_drift_not_heading_shaped
P000117,old,19118f423ef449819d30807770f22b44,47683,47725,47680,47727,start-3|end+2,1,True,offsets_drift_not_heading_shaped
P000117,old,1fa330aad5f74aeaadee8487ea811236,48639,48679,48636,48679,start-3,1,True,offsets_drift_not_heading_shaped
P000117,old,aecb260ed5884ea0857e9458ff0f64ae,50346,50390,50345,50390,start-1,1,True,offsets_drift_not_heading_shaped
P000117,old,50c2d1fcb96a474e8d1e74f5877ea82e,51146,51194,51143,51196,start-3|end+2,1,True,offsets_drift_not_heading_shaped
P000117,old,374098f833ee4837983e51504fbbd25f,52394,52426,52391,52426,start-3,1,True,offsets_drift_not_heading_shaped
P000117,old,9ad5c05d703b4295926971b0c67916e2,53513,53549,53510,53549,start-3,1,True,offsets_drift_not_heading_shaped
P000117,old,7057961e46f14a0187d2a09057bfc48f,55729,55760,55726,55760,start-3,1,True,offsets_drift_not_heading_shaped
P000117,old,7b895ce2e4bd4ded84dfa164df33cd5b,56729,56767,56726,56767,start-3,1,True,offsets_drift_not_heading_shaped
P000117,old,995c4a62f8cd49d29c918bbe1c33d133,57908,57942,57905,57942,start-3,1,True,offsets_drift_not_heading_shaped
P000117,old,37d82490bf60440cbbe6da87e4efdf31,59371,59404,59368,59404,start-3,1,True,offsets_drift_not_heading_shaped
P000117,old,fd8af7588c69424691c12f4218acc499,60672,60703,60669,60705,start-3|end+2,1,True,offsets_drift_not_heading_shaped
P000117,old,8b0854a70da84518a6e800845f4d3590,61434,61464,61431,61464,start-3,1,True,offsets_drift_not_heading_shaped
P000117,old,b8020d9107d5431ab412990975264e7c,63464,63505,63461,63505,start-3,1,True,offsets_drift_not_heading_shaped
P000117,old,9fb83e754e2744059123bb2cd45bb0df,65173,65196,65170,65196,start-3,1,True,offsets_drift_not_heading_shaped
P000117,old,dc538f306631410f888f4144d98ba99f,66285,66336,66282,66336,start-3|end_unfixed,1,True,offsets_drift_not_heading_shaped
P000117,old,ada7e13c7e514b119a9276ad01606b51,67520,67546,67517,67547,start-3|end+1,1,True,offsets_drift_not_heading_shaped
P000117,old,132fe84e65cd4768a88c1684acd20ece,67939,67969,67936,67969,start-3,1,True,offsets_drift_not_heading_shaped
P000117,old,39fedba8d3c94616ae23bc7eea611fef,68778,68797,68775,68797,start-3,1,True,offsets_drift_not_heading_shaped
P000117,old,e33a2b217abe4a35afc4be6ea263e92e,69738,69765,69738,69766,end+1,1,True,offsets_drift_not_heading_shaped
P000117,old,be3ce75e4ed941b7b543dbf7d91d5a41,70445,70465,70444,70467,start-1|end+2,1,True,offsets_drift_not_heading_shaped
P000117,old,8d50ed38485340748362c9fe6da3e4c0,71552,71576,71550,71576,start-2,1,True,offsets_drift_not_heading_shaped
P000118,old,0d57a6aa95c740eea94128324ca03fb7,97,154,97,154,keep,1,False,
P000118,old,4094902c5b4448c58784c3f4a0cddfda,20592,20650,20592,20650,keep,1,False,
P000118,old,17bc3bc0adaf492099c2df7ede91a3a1,34838,34892,34838,34892,keep,1,False,
P000118,old,8ad77cb228ff47eeae7cad30765d6e06,57256,57329,57256,57329,keep,1,False,
P000119,old,bee62b985e944e4cb5bf644000c2e214,136,238,136,238,keep,1,False,
P000119,old,e8959e2b247d423ba1371a2258c5699e,240,260,240,260,keep,1,False,
P000119,old,ab4cb1ce8fde4f8f954328c57278fb3c,3595,3645,3595,3645,keep,1,False,
P000119,old,c054d30ebed445ab9fcc0079b394a33f,93525,93590,93525,93590,keep,1,False,
P000119,old,99a85aa8691446568ae2e927f422204d,93592,93630,93592,93630,keep,1,False,
P000119,old,6af2fb0aef1d494e89151c99e72f4af2,339755,339812,339755,339812,keep,1,False,
P000119,old,475ee25fec4a487a818de5b3b5f54f83,399152,399196,399152,399196,keep,1,False,
P000119,old,2f54f7c4a3c14abf941ed433efe2b9b3,591267,591276,591267,591276,keep,1,False,
P000123,old,6087c315dfa9455f81f59f0effe458d2,7927,8074,7927,8074,keep,1,False,
P000124,old,a45cffbd6b184af8bac3c2730d99398c,146,240,146,240,keep,1,False,
P000125,old,e30084d372454192aa5994f140b146df,133,228,133,228,keep,1,False,
P000126,old,4d67fde4d01f4357be4fda3e6f8076a1,4084,4203,4084,4203,keep,1,False,
P000126,old,2c6b427cc5cf479e804965a8ad53ecb1,24189,24287,24189,24287,keep,1,False,
P000126,old,c99d84503d794849990efc18f002f6f4,62676,62782,62676,62782,keep,1,False,
P000127,old,92ad41347bfe4d24b5da8e7cfc5b9d6a,515,582,515,582,keep,1,False,
P000127,old,1878aa90515648539f7d82723bd30096,16787,16878,16787,16878,keep,1,False,
P000127,old,fe12ad08fb6c4c8596bc6d508d3c19cb,68484,68579,68484,68579,keep,1,False,
P000127,old,b3380e1971d643a1803ea31aa84b315f,84944,84995,84944,84995,keep,1,False,
P000127,old,645ccb0dc1174103bd3b7f7f8ac74e9d,97984,98114,97984,98114,keep,1,False,
P000127,old,fa6e863c16bc4ab58c29443d2c4509a8,112646,112708,112646,112708,keep,1,False,
P000127,old,4e9d03ded962400d8c56ef66315bfb6f,117454,117515,117454,117515,keep,1,False,
P000127,old,df9e6605c7594eccb2b361597508f3ba,126363,126422,126363,126422,keep,1,False,
P000127,old,167da9f7d8f1405594205a0c00016d97,143333,143356,143333,143356,keep,1,False,
P000127,old,726fd6c98c3b4e108791aee89a570807,147341,147371,147341,147371,keep,1,False,
P000127,old,a7cf65fb344646a6bc0da8245d17fa3e,156938,156958,156938,156958,keep,1,False,
P000127,old,e2e4d589211d48a8b5123f7e85962f66,176759,176848,176759,176848,keep,1,False,
P000127,old,f12dd9509bc241db9c0bd83918d029b5,193518,193582,193518,193582,keep,1,False,
P000127,old,95a621fa0acd4707b1679a30b6f2c662,204999,205061,204999,205061,keep,1,False,
P000127,old,a3672915477247b7a07e8101cea26294,208691,208734,208691,208734,keep,1,False,
P000128,old,901507a92e3449fe8a45de9270ff3067,80610,80625,80609,80625,start-1,1,False,
P000130,old,5f28f124039a493c8a8885bf1768e181,73,112,73,112,keep,1,False,
P000130,old,eaf444fac1ab4ef29f687f99e57febdd,114,145,114,145,keep,1,False,
P000130,old,ae8adf8e3ece463fb1e755034c0b2f6a,1577,1599,1577,1599,keep,1,False,
P000130,old,2bf72de8514a4777bfd53ee9cce3aa52,13072,13102,13072,13102,keep,1,False,
P000130,old,ed279dffd49344b39fb1bc2296ad0613,13104,13185,13104,13185,keep,1,False,
P000130,old,be8bfb1851fd419e9b8c34b68841e4e0,29028,29072,29028,29072,keep,1,False,
P000130,old,fcb7d3b0b0ea4180bf67b370e1d85f04,29074,29183,29074,29183,keep,1,False,
P000130,old,58cf9c5c93db4e29940677ebfd384d10,36620,36657,36620,36657,keep,1,False,
P000130,old,0b9db2453b224f40b7cdfe977d678ef2,36659,36765,36659,36765,keep,1,False,
P000130,old,fe773208cf8c41d1bfa0edb99f026933,49877,49910,49877,49910,keep,1,False,
P000130,old,00ebd71335734f1285b136363dc13e01,49912,50019,49912,50019,keep,1,False,
P000130,old,fd8bf6a44a4047f8ac2941f48879b582,61859,61884,61859,61884,keep,1,False,
P000130,old,24591e1db99846b5a48035338e943637,61886,61962,61886,61962,keep,1,False,
P000130,old,7ccd896e7a53458895b53d94c15bce23,67420,67446,67420,67446,keep,1,False,
P000130,old,07fdefc1bfb8498784d58ce6c2830144,67448,67523,67448,67523,keep,1,False,
P000130,old,9a8c4b913d7b449aa353efd32aee2ffe,74260,74295,74260,74295,keep,1,False,
P000130,old,ce2fa73433134b629c6778a5fcf17d89,74297,74393,74297,74393,keep,1,False,
P000130,old,446da651cc2f4927bf5e6a58347e0b22,77632,77655,77632,77655,keep,1,False,
P000130,old,0ef427794c3847b6bc28ca1a3a62b58b,77657,77737,77657,77737,keep,1,False,
P000130,old,f5c1d056a75d4001bcafc67f3d6329a9,81558,81590,81558,81590,keep,1,False,
P000130,old,742ccb3fadf347aab6e0230dd2738431,81592,81671,81592,81671,keep,1,False,
P000130,old,8db8907d3dab43dc8ddf69e9b10f70d2,92024,92062,92024,92062,keep,1,False,
P000130,old,0be14d774b9b48c2b135f49790d7fda8,92064,92140,92064,92140,keep,1,False,
P000130,old,f09c4332e1e44f46abc902b10c31eea2,95902,95937,95902,95937,keep,1,False,
P000130,old,4b8b888e25b249b8ae9c3a0087bb23e8,95939,96031,95939,96031,keep,1,False,
P000130,old,e3480adeb6d5441a85075a9b4452f4a6,120332,120368,120332,120368,keep,1,False,
P000130,old,86db362a97674413ae0c4dfba1d6b07c,120370,120470,120370,120470,keep,1,False,
P000130,old,bab8da82f8a940599a8ecd788d4d7863,141005,141043,141005,141043,keep,1,False,
P000130,old,8ad66dbc414145a98c2b9b19bab9a8fe,141045,141216,141045,141216,keep,1,False,
P000130,old,010fb86c815345829381286c68ba5388,146745,146768,146745,146768,keep,1,False,
P000130,old,129dba70e0b142789e6c835408e05d91,146770,146850,146770,146850,keep,1,False,
P000130,old,d69cc587500a4a54997065e17e5e0243,159431,159466,159431,159466,keep,1,False,
P000130,old,cfa2380a54f747b0804ceefe63d51eb2,159468,159554,159468,159554,keep,1,False,
P000130,old,3c6b639211c94d04953337321c6fc701,186333,186373,186333,186373,keep,1,False,
P000130,old,a865027eb47e4b01b15fc5a3aa224e44,186375,186472,186375,186472,keep,1,False,
P000130,old,7785de0cc3c4417a9a61e6e60c0912ba,194446,194492,194446,194493,end+1,1,False,
P000130,old,63660f98dffb4548b56355e3461320da,194494,194621,194494,194621,keep,1,False,
P000130,old,c54b5f07db93446497bec111227b54df,204671,204732,204671,204732,keep,1,False,
P000130,old,84158c95d5f7412ca66bb59c36caa52b,204734,204852,204734,204852,keep,1,False,
P000130,old,c576628719294580b7881dfb96b76708,221633,221676,221633,221676,keep,1,False,
P000130,old,6f7cdf8230134986b92e79c97fd04ff2,221678,221778,221678,221778,keep,1,False,
P000130,old,4f009ee90c9c490cb0f28060ce9943c6,235688,235755,235688,235755,keep,1,False,
P000130,old,daddcc4db67747e69073d7fc28f10dcb,235757,235884,235757,235884,keep,1,False,
P000130,old,3e6ffeb3765c4f1ab4db6f5e03672529,249759,249794,249759,249794,keep,1,False,
P000130,old,3d339b78ceb5408eb2eadd3ffbb8492e,249796,249877,249796,249877,keep,1,False,
P000130,old,9c21e7a337274b379c8e34acc0cdfb74,253916,253966,253916,253966,keep,1,False,
P000130,old,1853a6132c474da59b7d3b2572585c31,253968,254087,253968,254087,keep,1,False,
P000130,old,cec499888a0f4f88b172ec0351586f85,258833,258867,258833,258867,keep,1,False,
P000130,old,3a32a3bc0a9c465984e3b2a29d42d58c,258869,259001,258869,259001,keep,1,False,
P000130,old,68a0cd4def39479da979e2b3e005c19d,266340,266387,266340,266387,keep,1,False,
P000130,old,324aa982b36340c7bbf0103431f2d93b,266389,266496,266389,266496,keep,1,False,
P000130,old,99e760d707cc4e67b52d07a7a0c53421,274263,274322,274263,274322,keep,1,False,
P000130,old,9d0e33f13a6949d088242d49b13256af,274324,274457,274324,274457,keep,1,False,
P000130,old,af4450ca75a342ef867667b6d5f1c1ca,286385,286440,286385,286440,keep,1,False,
P000130,old,82a739ee709044febc21e609f0c624db,286442,286573,286442,286573,keep,1,False,
P000130,old,9a2edc83cc3b4e869f4f62ee3c5c13ad,295253,295310,295253,295310,keep,1,False,
P000130,old,d7eeffd77ad7421fa23dbc19717be02d,295312,295450,295312,295450,keep,1,False,
P000130,old,4b80eb901a7044d3ac2ec8f8d3bead9b,300008,300056,300008,300056,keep,1,False,
P000130,old,53f7fcd84a014a4b98c796ad4bb070ae,300058,300181,300058,300181,keep,1,False,
P000130,old,9f4d50d35541434a80f621e75e8d2d57,306458,306517,306458,306517,keep,1,False,
P000130,old,c5593f3d008a4905b441dc17f9a2a779,306519,306653,306519,306653,keep,1,False,
P000130,old,1d92b3b9925b412fb415ef2390e69f80,317674,317735,317674,317735,keep,1,False,
P000130,old,3f1e5d1bbc714e40985df3921a818a55,317737,317861,317737,317861,keep,1,False,
P000130,old,6a2c5f6763a9478eafced791d761da6e,323184,323247,323184,323247,keep,1,False,
P000130,old,c3580b1a722247b6968cdcb8103740b6,323249,323377,323249,323377,keep,1,False,
P000130,old,f08528feae3d4a989527ea8f6bfad2a9,325419,325459,325419,325459,keep,1,False,
P000130,old,d9899cf2c25f47cea6ecaace451a62ef,325461,325563,325461,325563,keep,1,False,
P000130,old,3e34f4148c074be6b6a6b6567946b706,328423,328459,328423,328459,keep,1,False,
P000130,old,b2beb5a3bbbc41b48a8c80d445b2adc3,328461,328544,328461,328544,keep,1,False,
P000130,old,d81fc8c3d30f4872b087637cee143779,344277,344306,344277,344306,keep,1,False,
P000130,old,74594c28448243558013f173c4d3a052,344308,344392,344308,344392,keep,1,False,
P000130,old,c24c780f7edb4a4b9951f8e29ff4bfed,354935,354961,354935,354961,keep,1,False,
P000130,old,0800a0cc43294348b4b473457d2f267c,354963,355049,354963,355049,keep,1,False,
P000130,old,7dc0a9cb10b3421c93eea85b02ef4aa8,375235,375262,375235,375262,keep,1,False,
P000130,old,654628b74e854e279c24f7ae548a66c9,375264,375347,375264,375347,keep,1,False,
P000130,old,44da4c6d05244db88317b5442f563b53,389093,389141,389093,389141,keep,1,False,
P000130,old,36fe5f4b998b4da581df66b2021407fd,389143,389293,389143,389293,keep,1,False,
P000130,old,d910b9d31c994d898ca037cbacc9c43c,406447,406482,406447,406482,keep,1,False,
P000130,old,52e9fa1925054c78badac3cff5a35099,406484,406556,406484,406556,keep,1,False,
P000130,old,44a880b080534e3c935e4bdac07291f1,422411,422437,422411,422437,keep,1,False,
P000130,old,4fac89915b274cc49f7c9d2d5501c94b,422439,422536,422439,422536,keep,1,False,
P000130,old,8f7009ca65b44b9885a39a5468a55e93,422538,422611,422538,422611,keep,1,False,
P000130,old,3fd4fcea154744e1974656c004b2c72c,463922,463984,463922,463984,keep,1,False,
P000130,old,5cd59287c5c94e07ba67bb857e6af65e,463986,464131,463986,464131,keep,1,False,
P000130,old,3767e17b91d44823a032b0d7644aa040,481344,481375,481344,481375,keep,1,False,
P000130,old,58fef3eac2d24959be0935426717f38e,481377,481465,481377,481465,keep,1,False,
P000130,old,25a245c3a1a945dc95312f58567da5a2,499233,499293,499233,499293,keep,1,False,
P000130,old,410d9c7a39674bb38b8b2cf4f0b79ca2,499295,499486,499295,499486,keep,1,False,
P000130,old,c07fe0c0302a4bca960faf749ab788f3,519708,519742,519708,519742,keep,1,False,
P000130,old,69c4fd9791bd43a2948445a572ee177d,519744,519838,519744,519838,keep,1,False,
P000130,old,6bb1638a076244ecb03ef8b1edb288fa,530653,530719,530653,530719,keep,1,False,
P000130,old,fb5a511448a743eb80324c5ddc49f873,530721,530857,530721,530857,keep,1,False,
P000130,old,c20a7805f06141ad93479bf84606d781,543588,543647,543588,543647,keep,1,False,
P000130,old,a614bff7fa3342c09479730cf9c0850f,543649,543765,543649,543765,keep,1,False,
P000130,old,e5b1422c22be4fa9bff098c536de2402,547992,548048,547992,548048,keep,1,False,
P000130,old,7335e23d99804425aaff5fc1c2317300,548050,548176,548050,548176,keep,1,False,
P000130,old,6656b23e64ea42d88e3b95c6e2b5cc49,552138,552210,552138,552210,keep,1,False,
P000130,old,214bc3a7c6c343ecadecd149e493e0b5,552212,552344,552212,552344,keep,1,False,
P000130,old,284b298a32eb4fefba8330e1063b7a9c,560084,560149,560084,560149,keep,1,False,
P000130,old,469bbdf6c56f4a2ba4ee77a223b6dcab,560151,560290,560151,560290,keep,1,False,
P000130,old,9da4d4e6439046b99a2326c2ccb332c6,568684,568745,568684,568745,keep,1,False,
P000130,old,fa11e888408c4053829f20c851414fcb,568747,568849,568747,568849,keep,1,False,
P000130,old,9eefde862a3e495891fe7ab425dad35e,578606,578663,578606,578663,keep,1,False,
P000130,old,d51331d3c58042b785878ed49af9ca22,578665,578799,578665,578799,keep,1,False,
P000130,old,245b7ed32c27450c9beca7d7e7d32f36,581800,581861,581800,581861,keep,1,False,
P000130,old,e5b30c855d2b4a69afe6c2a59f0d4e37,581863,582003,581863,582003,keep,1,False,
P000130,old,65a30f32f47b4899adac9a3c35018786,591520,591553,591520,591553,keep,1,False,
P000130,old,15cfa4a9525042afad72c19bc5201962,591555,591641,591555,591641,keep,1,False,
P000130,old,df87acfc2b874dc8a66b97a72fc87849,597742,597754,597742,597754,keep,1,False,
P000130,old,4f4ae93873124a0d98e61dd27b78163b,597756,597822,597756,597822,keep,1,False,
P000130,old,4e6a6afe8a1846a7b14d6295b9231b68,599768,599786,599768,599786,keep,1,False,
P000132,old,54ba05ca789647b285764d87f6b5b7c1,94,138,94,138,keep,1,False,
P000132,old,a4e984b04a03454ca442b4c38e81a600,47367,47417,47367,47417,keep,1,False,
P000132,old,34151da63ba341d882fcd5150549d68b,63599,63654,63599,63654,keep,1,False,
P000132,old,317d173b4cea40c79fdb7185f70fc577,120679,120755,120678,120758,start-1|end+3,1,False,
P000134,old,f41a7b11a2e742a4adf4fbb63ee9c509,2181,2265,2181,2265,keep,1,False,
P000137,old,b75e7468c43a4404b97b1cbe60d9123c,137,222,137,222,keep,1,False,
P000138,old,3b41e5d4cb0b4e8b8466b3663ed0d8bc,125,215,125,215,keep,1,False,
P000138,old,3829361998674ea193feb08adee7133b,217,310,217,310,keep,1,False,
P000140,old,1f0b3bd7ea2e4fd8807cf70c8173fbd4,135,151,135,151,keep,1,False,
P000140,old,b5c4050ecef444a8bead2bb16d674727,681,778,681,778,keep,1,False,
P000141,old,e0e3cf4d478b46149a7fdb48c1765728,88,124,88,124,keep,1,False,
P000141,old,39c9978e5f284a6da5d5f82c549279e5,29966,30007,29966,30007,keep,1,False,
P000141,old,e9e8a31bd5a3442faadf0d2ffa291751,53410,53443,53410,53443,keep,1,False,
P000141,old,c6e5149bd6dc4ffda09917c83b1c506b,71042,71082,71042,71082,keep,1,False,
P000142,old,799b557fc8854fd594a553f3d9363986,75,114,75,114,keep,1,False,
P000143,old,ab3c1b42171a4f88b3cb277a816c980c,130,237,130,237,keep,1,False,
P000144,old,5beb1a1092f64154a43973e45f0c5c1d,4269,4306,4269,4306,keep,1,True,offsets_drift_not_heading_shaped
P000144,old,ec39efd7587c4409b36f83ef35e69b71,9742,9832,9742,9832,keep,1,True,offsets_drift_not_heading_shaped
P000144,old,df144bad26d540b8945143064eac3c19,81568,81612,81565,81613,start-3|end+1,1,True,offsets_drift_not_heading_shaped
P000144,old,14d52e330ac94d3d9db1c2a75475a522,88318,88386,88318,88388,end+2,1,True,offsets_drift_not_heading_shaped
P000144,old,344b4434406446a19fca49ba395ef1a9,154175,154241,154173,154241,start-2,1,True,offsets_drift_not_heading_shaped
P000144,old,b10df5558bc548458b8ca2c7a0f6bc00,182274,182323,182274,182324,end+1,1,True,offsets_drift_not_heading_shaped
P000144,old,ab4617c5e94649b7a3b31498792bb8b4,227501,227530,227500,227531,start-1|end+1,1,True,offsets_drift_not_heading_shaped
P000145,old,ad2c2a0d7f3a4959adbe1fe73648621c,63,80,63,80,keep,1,False,
P000148,old,1a982ec4dfd8449193d5ed758804dd49,104,116,104,116,keep,1,False,
P000148,old,30ac9c6ca45648cf8e9eabb6fcb3b1d6,118,180,118,180,keep,1,False,
P000148,old,0a7ce00cdde24d4297213d8d2e02af4d,2621,2634,2621,2634,keep,1,False,
P000148,old,9fd4b86fd00c4448bc0dd0d43d1d0dfc,4565,4578,4565,4578,keep,1,False,
P000148,old,9ffa6371d7614454880168f7b928964d,5220,5232,5220,5232,keep,1,False,
P000148,old,813cf110208a4e068552aa6a85691580,6551,6562,6551,6562,keep,1,False,
P000148,old,fa6e2acdb8d94c1fb67f084250a31b37,9122,9135,9122,9135,keep,1,False,
P000148,old,17e3530ec2a34b9dbd9079280fe5785e,12414,12427,12414,12427,keep,1,False,
P000148,old,1297b7e23a7f499c8466a47fd515689b,14003,14017,14003,14017,keep,1,False,
P000148,old,28c0118b66a043caa2f1807b0ac3aa41,16075,16087,16075,16087,keep,1,False,
P000148,old,5fb4e1c60d38455f97dbbad718ea9ce0,20076,20088,20076,20088,keep,1,False,
P000149,old,5409d6b06d8e4c419c4bbcb5bb87708d,141,152,141,153,end+1,1,False,
P000149,old,acbc3cef52224ab39f6923a71aeee428,154,189,154,189,keep,1,False,
P000149,old,278931f5a88e43d8a9739f0cdb465d35,5378,5433,5378,5433,keep,1,False,
P000149,old,27b3707a6c184e0388492653340dc1fb,6988,7019,6988,7019,keep,1,False,
P000149,old,f7b4e491ac814356a668dae6c26bb4d2,11695,11740,11695,11740,keep,1,False,
P000149,old,c727c40dd9b84fae846e582369c6e8d0,16126,16182,16126,16182,keep,1,False,
P000149,old,6d13bf677b04439aab4d9ed33bd9d8b5,17265,17292,17265,17292,keep,1,False,
P000149,old,3670cdbc31c3436abff96c3fcf9a2f15,18570,18617,18570,18617,keep,1,False,
P000149,old,27032d5c7ae44eac979d03690a0af2bc,20718,20761,20718,20761,keep,1,False,
P000149,old,3d33706f602e4e1eabad5b6db2ed6df2,22496,22547,22496,22547,keep,1,False,
P000149,old,0df0a51c76ad46fc9b8733f5a88d98ba,24338,24376,24338,24376,keep,1,False,
P000149,old,b66b72cb36ff4b2989deaffd31e1e412,25615,25654,25615,25654,keep,1,False,
P000149,old,ed6ef00ac1984383ba6e7d0ced087177,26829,26861,26829,26861,keep,1,False,
P000149,old,c78565a2374d4c73ac1dd1eb233452d3,28326,28415,28326,28415,keep,1,False,
P000149,old,d758dbe864274ae5a6b9ef3058751368,30603,30646,30603,30646,keep,1,False,
P000149,old,d6a74ed2d9654d01826184c8213e9106,31046,31118,31046,31118,keep,1,False,
P000149,old,b8f0ee97418b4f16a7086ea2af4dc631,31966,32005,31966,32005,keep,1,False,
P000149,old,bcc46cfc4f554492a5c64c99397f9a4d,32219,32325,32219,32325,keep,1,False,
P000149,old,a0ff5aae2da340f49559a9842a7680d6,37127,37181,37127,37181,keep,1,False,
P000149,old,c630af9e171047109e4ae43dd479655b,41564,41597,41564,41597,keep,1,False,
P000149,old,2de98bf260ce48819681777464b54978,42319,42377,42319,42377,keep,1,False,
P000149,old,fb4bccfbe1dd4a3bb30aa8a3875401f6,44021,44087,44021,44087,keep,1,False,
P000149,old,6a86278e3fe84c0080dd532036fb3352,46557,46609,46557,46609,keep,1,False,
P000149,old,48c5cbdc7ac842c78c5020e810402f2a,61368,61455,61368,61455,keep,1,False,
P000149,old,6621e36e8093497180f85baf5fb75772,63862,63981,63862,63981,keep,1,False,
P000149,old,f1c435e9abb246e687f43a3279ae9ca5,123872,123948,123872,123948,keep,1,False,
P000149,old,d4b321a7585f47b69bb415010dba54c3,129071,129178,129071,129178,keep,1,False,
P000150,old,1102266802064d59be90b9fde50b0973,80,126,80,126,keep,1,False,
P000150,old,7e435a9f11ba4429a0b59136b2920820,128,177,128,177,keep,1,False,
P000151,old,cf0d298f68d84c8bb18608b12c44de6c,169314,169340,169314,169340,keep,1,True,offsets_drift_not_heading_shaped
P000151,old,1ad7c01d4266461f8c58c35e47d96ef7,212775,212819,212773,212819,start-2,1,True,offsets_drift_not_heading_shaped
P000151,old,e28beffb8ba144ddb57a63342a3608b6,237226,237253,237226,237255,end+2,1,True,offsets_drift_not_heading_shaped
P000151,old,c1433e22362840128994c8b83dd29ee7,470597,470625,470597,470625,keep,1,True,offsets_drift_not_heading_shaped
P000151,old,8e17cc220ff3480f9305e93923a170e9,505655,505681,505655,505681,keep,1,True,offsets_drift_not_heading_shaped
P000152,old,7d7c38e20335472e80dfdff7e674ccb4,203,220,203,220,keep,1,False,
P000152,old,d046846965ce4e23983734b8e0c7d833,4840,4954,4840,4954,keep,1,False,
P000152,old,06690cbb9f7b45d1b7b465988255b2bd,37736,37888,37736,37888,keep,1,False,
P000153,old,8561a1c7e0e04edd815367477a951031,11247,11306,11247,11306,keep,1,True,offsets_drift_not_heading_shaped
P000153,old,da6e362c32dc4d289acf58f0ce404bdf,23681,23751,23681,23752,end+1,1,True,offsets_drift_not_heading_shaped
P000153,old,802e4aa2e2da4d1dbc58b2b21d569554,68342,68411,68340,68411,start-2,1,True,offsets_drift_not_heading_shaped
P000153,old,f2e43327435747919e98ac27edc12325,94368,94412,94368,94412,keep,1,True,offsets_drift_not_heading_shaped
P000156,old,6c73a4bddca942c7b760c466999b8bf2,140,237,140,237,keep,1,True,offsets_drift_not_heading_shaped
P000156,old,6cf869ef16b14b1bbdf6c6c674934ef1,283,324,281,325,start-2|end+1,1,True,offsets_drift_not_heading_shaped
P000156,old,8ba41f37039f4a1dada0558ee4b06335,3621,3739,3621,3741,end+2,1,True,offsets_drift_not_heading_shaped
P000156,old,5c70debfe1dd48e286d737dc31dd3089,8369,8423,8369,8423,keep,1,True,offsets_drift_not_heading_shaped
P000156,old,8053b15942204068805fb67dea79af91,10082,10132,10082,10135,end+3,1,True,offsets_drift_not_heading_shaped
P000156,old,1d9ea0d896e04a6ca7fd66b11f11ae8a,13503,13569,13503,13569,keep,1,True,offsets_drift_not_heading_shaped
P000156,old,c569ef2216724e92a333aeb173228b42,21773,21938,21773,21938,end_unfixed,1,True,offsets_drift_not_heading_shaped
P000156,old,7c5bc1265fba43eeb11067910740bbd2,95553,95630,95553,95630,keep,1,True,offsets_drift_not_heading_shaped
P000156,old,b92f612599664d409a911ab7eb475786,99542,99648,99542,99648,keep,1,True,offsets_drift_not_heading_shaped
P000156,old,ae4e3de5d9654c92a82b28b932733067,160990,161060,160990,161060,keep,1,True,offsets_drift_not_heading_shaped
P000156,old,5d2e9ff4b2714091b71a473db2448709,167461,167533,167460,167533,start-1,1,True,offsets_drift_not_heading_shaped
P000156,old,a0371eb97d134df397f1f4a9ac840f2c,172681,172699,172679,172699,start-2,1,True,offsets_drift_not_heading_shaped
P000158,old,560b20edb01242f783fd3addda6a758c,166,280,166,280,keep,1,False,
P000159,old,d7e7ec7593cc4742a553c98d8fae99c5,278,295,278,295,keep,1,False,
P000159,old,2d0e960ccbcf4afa9a2590196bc4b7a9,4914,5028,4914,5028,keep,1,False,
P000159,old,b23304d5d3a245cc96bd14c024c34de7,489988,490095,489988,490095,keep,1,False,
P000160,old,455aae94826948e0870e68ed17163c9f,204,221,204,221,keep,1,False,
P000160,old,55b616dad48e4c4dbc97efde7ec22461,4770,4884,4770,4884,keep,1,False,
P000160,old,4f4485c116dc402fafaa1c8916a99f6b,37675,37739,37675,37739,keep,1,False,
P000160,old,3395de90d25e40108175729604f491c6,37741,37859,37741,37859,keep,1,False,
P000160,old,831ac53ee95146da9edbb42f783d8341,345049,345110,345049,345110,keep,1,False,
P000160,old,cde8311241aa4de6b5b2cfc104e8343f,345112,345190,345112,345190,keep,1,False,
P000160,old,b83d7e83c5194f1682934bfa3fdca4ca,395528,395625,395528,395625,keep,1,False,
P000160,old,2e0147a44ec449f3ad9c0f73463b2a5f,433538,433627,433538,433627,keep,1,False,
P000160,old,074a7b0842dd4d60b70ef92e7d177923,477957,478020,477957,478020,keep,1,False,
P000160,old,49ba38ec3fb04a3b846a14bc77817a2f,501599,501658,501599,501658,keep,1,False,
P000160,old,02de7f195f244ae5b723183f17e4e736,501660,501756,501660,501756,keep,1,False,
P000160,old,fbfea04cebbb423f9d07323ccce5ae82,782989,783011,782989,783011,keep,1,False,
P000160,old,b02527026ded404d9b9a1df6399f9ebe,800777,800863,800777,800863,keep,1,False,
P000160,old,a89f7c7863004f70acbe84dda172c771,817009,817067,817009,817067,keep,1,False,
P000160,old,f184dcbfa6ad44ccb78664089994e7cd,821899,821949,821899,821949,keep,1,False,
P000160,old,41fcd8a9b8c74bad9c122512990942ce,825668,825729,825668,825729,keep,1,False,
P000160,old,0f8a141346274bdd909259e0160e2a68,827673,827748,827673,827748,keep,1,False,
P000160,old,ef3a2cb4c5064552b22d90070e6457d0,830892,830935,830892,830935,keep,1,False,
P000160,old,af8a1f9be0884d94ac95e8973175a086,831623,831667,831623,831667,keep,1,False,
P000160,old,f1c853e738634455817858c84b5ffd6e,832396,832430,832396,832430,keep,1,False,
P000160,old,b2219eab327244caa50507b5115fb361,833920,833981,833920,833981,keep,1,False,
P000160,old,c854b6d376db47dfafbeda1eece65b57,838180,838263,838180,838263,keep,1,False,
P000160,old,68fd0d7d7c6c4d29903d67fd6a2df9e9,842670,842773,842670,842773,keep,1,False,
P000160,old,85932fd619f342c8aff221e9a162c2f6,846010,846067,846010,846067,keep,1,False,
P000160,old,4f1ba3da5f2a4c80b0c8b48be5e784a8,853625,853677,853625,853677,keep,1,False,
P000160,old,6fd15fed95494b55be1306d0623fb046,859699,859756,859699,859756,keep,1,False,
P000160,old,eb356ded1dc042b6826a5916fc6bce4e,861146,861202,861146,861202,keep,1,False,
P000160,old,8bfde1dd94b448a387f518d1093ae09f,864397,864470,864397,864470,keep,1,False,
P000160,old,74a8794f17dd41f4934719f7d436e7b1,866079,866206,866079,866206,keep,1,False,
P000160,old,157c8006003c4956aa0c52b4bca545c1,871380,871445,871380,871445,keep,1,False,
P000162,old,e3edc62741364c8cb9cacaae683cfbeb,502,519,502,519,keep,1,False,
P000163,old,49d56730dbac4973b50397b40285cfb1,176,299,176,299,keep,1,False,
P000169,old,b97a7a77e0214f4090535cbe520d2066,134,211,134,211,keep,1,False,
P000169,old,4d2ae311dbf243ceb51520096f3b108b,213,318,213,318,keep,1,False,
P000170,old,65f10ea106174674845c64a75494d96e,20,141,20,141,keep,1,True,offsets_drift_not_heading_shaped
P000170,old,e60da3addf004c00bd00a7f2b2662635,1077,1085,1077,1085,keep,1,True,offsets_drift_not_heading_shaped
P000170,old,736bf06bc73d4e53b9451876b3acded8,1557,1583,1557,1583,keep,1,True,offsets_drift_not_heading_shaped
P000170,old,7bfdac456e4f489080f927eb9a33dac2,4092,4117,4092,4117,keep,1,True,offsets_drift_not_heading_shaped
P000170,old,fa5f0058beb745888b925b33467438c7,10417,10459,10417,10459,keep,1,True,offsets_drift_not_heading_shaped
P000170,old,19fcb858464d47f18ab6c33f6e830759,10601,10660,10601,10660,keep,1,True,offsets_drift_not_heading_shaped
P000170,old,d33313b2865547549a18bcd7e4ac1720,25118,25142,25118,25142,keep,1,True,offsets_drift_not_heading_shaped
P000170,old,db1cca5e68334fdaa6c5a80ab1b62dfa,25256,25292,25256,25292,keep,1,True,offsets_drift_not_heading_shaped
P000170,old,3f1e9ec82a6f4a919d49067d32d950c8,25488,25524,25487,25524,start-1,1,True,offsets_drift_not_heading_shaped
P000170,old,e61f0fe798374c47b66bf84d1a52e902,37012,37036,37012,37036,start_unfixed,1,True,offsets_drift_not_heading_shaped
P000170,old,ae5ccff9a3664b4b99be82f3c5ac5d9e,39915,39960,39915,39962,end+2,1,True,offsets_drift_not_heading_shaped
P000170,old,d0b96c43657543a4a4a080000292ab29,196061,196089,196060,196089,start-1|end_unfixed,1,True,offsets_drift_not_heading_shaped
P000170,old,8304883754a8426eaf91ce473c28641e,197902,197938,197901,197938,start-1|end_unfixed,1,True,offsets_drift_not_heading_shaped
P000170,old,1acf175b511f4a539584382ff4eef630,200281,200316,200280,200318,start-1|end+2,1,True,offsets_drift_not_heading_shaped
P000170,old,5ace8b8f8cab42abb958185715639d39,202583,202591,202583,202591,keep,1,True,offsets_drift_not_heading_shaped
P000171,old,ae967cf0da2f4dcd807a68f46a4bbe52,192,209,192,209,keep,1,False,
P000171,old,90c56da04db84244ab43d0329c95889d,4828,4942,4828,4942,keep,1,False,
P000171,old,bb7844801e014eb0be7d9b28389f36e2,40453,40524,40453,40524,keep,1,False,
P000171,old,6698509754c24651a10e09fea93515d5,46115,46211,46115,46211,keep,1,False,
P000171,old,e47446ebbf344876bee68e26f4911e14,48132,48221,48132,48221,keep,1,False,
P000171,old,b3b8ea320d5f4305a2590768ecda1fc8,55123,55172,55123,55172,keep,1,False,
P000171,old,b75475003e8943a98c99bc4d2d53f3ff,59580,59631,59580,59631,keep,1,False,
P000171,old,b22cf5aaf5ba4cac8cfdb7bb6894f726,64544,64644,64544,64644,keep,1,False,
P000171,old,21f1ec203bbe4a0f91fad153e60450f6,73661,73768,73661,73768,keep,1,False,
P000171,old,0a34d12f33cd45eeadc2693e5d848be9,78861,78921,78861,78921,keep,1,False,
P000171,old,fc5fbf27d76e46a0bb11582450650bbe,81359,81467,81359,81467,keep,1,False,
P000171,old,3dbfb6fcd48942dfb034531fec972d04,100107,100160,100107,100160,keep,1,False,
P000171,old,94f8622d6df4469f9d47a4092c1eeadb,103150,103192,103150,103192,keep,1,False,
P000171,old,666cf7fdfdcb429aab1df4b4fe1bad2e,110322,110371,110322,110371,keep,1,False,
P000171,old,9f9310d5bcf04f6f8b43492dca39c8d6,117093,117141,117093,117141,keep,1,False,
P000171,old,7c843d6303ff4a60b8a9c939ef8f4154,119392,119467,119392,119467,keep,1,False,
P000171,old,d4a7d9992a294a6d9f8794af79fb7ff2,125286,125386,125286,125386,keep,1,False,
P000171,old,41c11e3fed7f4e9eafdbda9595e8a4ff,130520,130592,130520,130592,keep,1,False,
P000171,old,400665b1f3504229a47df8fcb1895bd8,134540,134623,134540,134623,keep,1,False,
P000171,old,2e6f8a1013a1418db8f3844762c6416a,141016,141069,141016,141069,keep,1,False,
P000171,old,da843f3354dc48ccbb4277f13d8d3921,143939,143988,143939,143988,keep,1,False,
P000171,old,c590332fd8ef49d189c500e3dc360608,145823,145919,145823,145919,keep,1,False,
P000171,old,98a2b3cc882f48eca6e64478aa509105,157774,157815,157774,157815,keep,1,False,
P000171,old,6aa35825cbf5470a8ca712a63a3f90ed,159139,159232,159139,159232,keep,1,False,
P000171,old,773a5ccaafe542cfba35b5528a8ede6f,161291,161359,161291,161359,keep,1,False,
P000171,old,acd97970ac4f45599bcf902d68f2e2c7,173816,173863,173816,173863,keep,1,False,
P000171,old,ff923af2a1bf4e11bbb2968d1d16f865,177211,177251,177211,177251,keep,1,False,
P000171,old,98c5409a3a4c4676a53b487f35301d55,181129,181172,181129,181172,keep,1,False,
P000171,old,dd90151baa0b4065a97ca80af4c085be,187695,187742,187695,187742,keep,1,False,
P000171,old,244e811aaa5f4f6dbd955e9ce2c18912,191167,191208,191167,191208,keep,1,False,
P000171,old,2473e70b62234ae2ba5aa12a285a0768,198468,198537,198468,198537,keep,1,False,
P000171,old,a02b66ef5a3d45118a8b6198ababdc5b,202853,202979,202853,202979,keep,1,False,
P000171,old,b5cfb46f34b84f4382d661860429c39b,208398,208506,208398,208506,keep,1,False,
P000171,old,16e2ca1c459d4f65bac234f85c98b197,208508,208617,208508,208617,keep,1,False,
P000171,old,1b9acd2cec3e4648bf89c045a6bfaffd,250058,250134,250058,250134,keep,1,False,
P000171,old,d3cf20d6b9154c1da91b0695a195bafb,251131,251217,251131,251217,keep,1,False,
P000171,old,3f69b6fa3b7e4d8dbd354caedbcde054,257740,257808,257740,257808,keep,1,False,
P000171,old,b287b394109d4512a8ea9baa76d1332d,260303,260386,260303,260386,keep,1,False,
P000171,old,1dc26cb19e2b4ce78d8f6912a52168a6,270908,270963,270908,270963,keep,1,False,
P000171,old,f8871f67510d469c87896b4d41d19bd1,272690,272734,272690,272734,keep,1,False,
P000171,old,6af3463c64b6417d8f3c0b1c728dc9ee,276396,276493,276396,276493,keep,1,False,
P000171,old,f54325bf276343dbbc2d25b41fe7c45f,282462,282517,282462,282517,keep,1,False,
P000171,old,08a2597347d74d2d81dfb5ed8952f9fe,286347,286402,286347,286402,keep,1,False,
P000171,old,bb40091f07794040a0ce796eb288d186,289681,289754,289681,289754,keep,1,False,
P000171,old,9c87cfa2622a4fc8b84dbd4cf39776f7,291161,291269,291161,291269,keep,1,False,
P000171,old,05ca95cdbf234d1f9d5836272c2d4218,299307,299332,299307,299332,keep,1,False,
P000171,old,673651c6978740998c28d03f2382bad6,304087,304235,304087,304235,keep,1,False,
P000171,old,023ecb7bb27948529ab73f8732a702ed,346303,346399,346303,346399,keep,1,False,
P000171,old,4aed4715152f456aa9cf43b1111ac93e,348550,348682,348550,348682,keep,1,False,
P000171,old,2069328de48d424383d930b23941dbb3,361624,361657,361624,361657,keep,1,False,
P000171,old,2fbccc1f3a2641e8b96999726414479c,362303,362409,362303,362409,keep,1,False,
P000171,old,55255a0b2d7940239b288d38cfbf7590,411177,411226,411177,411226,keep,1,False,
P000171,old,540d8f39681a4299982044e511b84750,411960,412020,411960,412020,keep,1,False,
P000171,old,9f05df1b11e8403b9939a976e7100d22,412997,413058,412997,413058,keep,1,False,
P000171,old,0321a57255bf4d60beee8876a07bc71f,414064,414123,414064,414123,keep,1,False,
P000171,old,730181af5f4441f49a9ffd2a306893c5,415175,415230,415175,415230,keep,1,False,
P000171,old,36ae6031cd6d43b6bfa9f261c488dc77,416036,416088,416036,416088,keep,1,False,
P000171,old,c3d4055a7fef4674afd0f14fcb1a2e58,416900,416953,416900,416953,keep,1,False,
P000171,old,4a4914c7d65748cd9ba98a1bb917f62d,418510,418572,418510,418572,keep,1,False,
P000171,old,398b2844cea347e88470306e646ed570,428123,428176,428123,428176,keep,1,False,
P000171,old,e2d8a890ba0546718c2eda7add52fe79,435112,435148,435112,435148,keep,1,False,
P000171,old,f9f8d9592402418ab6ff9c3473ad9197,436628,436685,436628,436685,keep,1,False,
P000171,old,e4d8cc3fbe1b4d3fb178760f6d0f55b0,438469,438583,438469,438583,keep,1,False,
P000171,old,8581b7b3b36a496a93cea1a612a4f123,468322,468343,468322,468343,keep,1,False,
P000171,old,a048cdc262f541219c416b81d7f2ce55,468748,468820,468748,468820,keep,1,False,
P000171,old,5b4d6d8abf9f4dbc95a97ca5730e3880,470158,470285,470158,470285,keep,1,False,
P000171,old,3e9d819acf774fb9bd04847dc87c58c8,484522,484578,484522,484578,keep,1,False,
P000171,old,c015df5ecc9f45c69f5d1abd96e09629,484580,484670,484580,484670,keep,1,False,
P000171,old,166fc9aed6a541738c35f5685fe9481f,520729,520831,520729,520831,keep,1,False,
P000171,old,4003cdb88fda484091877b17032b8807,545421,545562,545421,545562,keep,1,False,
P000171,old,36efe16b6eb34d68b685b66538d13dbd,580448,580541,580448,580541,keep,1,False,
P000171,old,f9e618614a5e4c488c514d81491bd42f,616629,616711,616629,616711,keep,1,False,
P000171,old,8cbd15be246d4a6d9554cbcb4126e422,621362,621404,621362,621404,keep,1,False,
P000171,old,48b9c127bdde4b529fa959f10183cd52,641572,641632,641572,641632,keep,1,False,
P000171,old,bd3818f71c26414fb0dc8cfb62cca832,648770,648816,648770,648816,keep,1,False,
P000171,old,413b4d106236458fac4ffab94d630083,655480,655523,655480,655523,keep,1,False,
P000171,old,939e3aec40d34162b93bdde6d24792ca,657930,657984,657930,657984,keep,1,False,
P000171,old,e9359218f0f54b8c8598cb736987176e,659570,659664,659570,659664,keep,1,False,
P000171,old,aa1ad16d45b34949b571cc0f093ade79,661791,661853,661791,661853,keep,1,False,
P000171,old,bfcb89e803404656b82aae773b2c89ba,694319,694382,694319,694382,keep,1,False,
P000171,old,f03c787681f040668be6550cf42d9c69,698458,698499,698458,698499,keep,1,False,
P000171,old,46871fdc526945658b4fa0c9f1f1bb28,708058,708129,708058,708129,keep,1,False,
P000171,old,c36bce13e1c447e385b2e5aa9960c5bd,711380,711422,711380,711422,keep,1,False,
P000171,old,817cd2f2d11c46e896fe9452a14664d9,712927,712966,712927,712966,keep,1,False,
P000171,old,779dc949657040f0ba81e09d5ac6fda2,716981,717044,716981,717044,keep,1,False,
P000171,old,49b445f873754ed7b372ca920dfa8c5d,721658,721727,721658,721727,keep,1,False,
P000171,old,abe49bd3114f4fef9bc684ec69311008,726117,726131,726117,726131,keep,1,False,
P000171,old,6be51eb485004946abe25169c6109fa4,728431,728513,728431,728513,keep,1,False,
P000171,old,b699082355ab45009fc4c054e6ec7ba9,730536,730570,730536,730570,keep,1,False,
P000171,old,893d0e70c3f54aeb823e660734ec2bc5,731993,732027,731993,732027,keep,1,False,
P000171,old,69da03686d614c99995e0f2f96bc118f,735282,735327,735282,735327,keep,1,False,
P000171,old,6d525d78ac0a4bb6b76c5d53124bf4dc,737228,737293,737228,737293,keep,1,False,
P000171,old,35004bb9aa5d4c7d947bb41ffdd9d62d,740955,740994,740955,740994,keep,1,False,
P000171,old,41cbfa9550b142799a2215e5a19b8624,743190,743248,743190,743248,keep,1,False,
P000171,old,9f3ea9cb7e1d43429f78104fe71c7a95,748818,748896,748818,748896,keep,1,False,
P000171,old,6692977bb3ea42eab8bb7691c4302792,751892,751954,751892,751954,keep,1,False,
P000171,old,b793ecffa0704e85afdff00eda951df7,753375,753426,753375,753426,keep,1,False,
P000171,old,d1e098b45aab4f31a19bbcb10ad1e262,757990,758047,757990,758047,keep,1,False,
P000171,old,c783c93c945f479391de20cf97823186,759235,759279,759235,759279,keep,1,False,
P000171,old,1e8d6eea5b8d4ea3bea44df4a6c9f53e,764219,764267,764219,764267,keep,1,False,
P000171,old,52db985a33864b65b4788a6b23ca570c,764972,765022,764972,765022,keep,1,False,
P000171,old,88bbb5f2c0494e9b94000b48d7144744,766214,766248,766214,766248,keep,1,False,
P000171,old,c13b0b7e6bc14d5387f2ef1f541022a2,767042,767076,767042,767076,keep,1,False,
P000171,old,2238ca629699401987881d076c40bad7,768451,768486,768451,768486,keep,1,False,
P000171,old,ed06d3652d8c42c4804d67d734f194f5,777261,777306,777261,777306,keep,1,False,
P000171,old,bac501c8ec104f3894df1d1dd6dc035a,777857,777958,777857,777958,keep,1,False,
P000171,old,58d2f72483904d1aab08068e87806188,781454,781478,781454,781478,keep,1,False,
P000171,old,bd23e3d2cabd4b84b5c908827daf1660,781853,781913,781853,781913,keep,1,False,
P000171,old,efd1f0da6fc74248a2bfa501aa42d95c,787054,787109,787054,787109,keep,1,False,
P000171,old,7e4f5a4049e147e2a22e8b17916b189a,791555,791611,791555,791611,keep,1,False,
P000171,old,25a93b5c6652459c9cd264bd185f2e9e,793206,793278,793206,793278,keep,1,False,
P000171,old,d000d8b486e54f8eb0f04de2d84ca400,795785,795864,795785,795864,keep,1,False,
P000171,old,5b509defa05342b282769dea6cb43f72,799298,799378,799298,799378,keep,1,False,
P000171,old,bd204f24d636470fa4d0d15ca7ea690f,800976,801003,800976,801003,keep,1,False,
P000171,old,550e6db794324f18b53c6868a5c76545,810287,810322,810287,810322,keep,1,False,
P000171,old,2223eb8e39d64b449a9bac9f2e191057,811842,811920,811842,811920,keep,1,False,
P000171,old,250f08bb9e0649e8b5b2721eff4be481,822437,822465,822437,822465,keep,1,False,
P000171,old,7f0e1c0b41b7492db77917b049cf21af,823684,823785,823684,823785,keep,1,False,
P000171,old,c898f32db75e41558ba2b43cb3804bbe,847420,847451,847420,847451,keep,1,False,
P000171,old,079d52d500d243f59ba100293c9ce7c3,850446,850540,850446,850540,keep,1,False,
P000171,old,e5f83e1e680a479da9c3975d4eb1faab,890372,890445,890372,890445,keep,1,False,
P000171,old,fe46a9a3b2eb4bc3b6fbbd5879808fef,899364,899464,899364,899464,keep,1,False,
P000171,old,adea89a180b84286a68ace23c29de223,913413,913475,913413,913476,end+1,1,False,
P000171,old,4a92e5bcceb748288539a22d30973e27,917701,917719,917701,917719,keep,1,False,
P000171,old,f4c222f77c284e40bbfe92071cfe9b73,924421,924472,924421,924472,keep,1,False,
P000171,old,67d464812c854b4c8ce99b38641dced0,926641,926711,926641,926711,keep,1,False,
P000171,old,2cf3a236c3864ecaadaae6a2b78cd0e1,930907,930916,930907,930916,keep,1,False,
P000172,old,dc03b663cd334a4c98410f0771156d13,5632,5668,5632,5668,keep,1,False,
P000173,old,f3a2cb4b26d84f558ed909ae0dee6676,136,248,136,248,keep,1,False,
P000175,old,58a533b5a08e471cbccc6e9e5a9c9993,12281,12383,12281,12383,keep,1,True,offsets_drift_not_heading_shaped
P000175,old,57452b4a01d2458cb1f4052675452fc7,192724,192810,192723,192811,start-1|end+1,1,True,offsets_drift_not_heading_shaped
P000175,old,4ec1003944d949a9b53c0a3868992c5c,301681,301767,301679,301767,start-2,1,True,offsets_drift_not_heading_shaped
P000177,old,e58a13b7af024803bee42cfc119c9afd,496,531,496,531,keep,1,False,
P000178,old,6179083ff86a48ee9d6543ba0d18a0fb,2422,2479,2422,2479,keep,1,False,
P000179,old,06da124bdb4e4c3f9e19f38c9df8a92a,64,86,64,86,keep,1,True,offsets_drift_not_heading_shaped
P000179,old,38938897681d455e9d159ce6340f1e18,121813,121846,121812,121849,start-1|end+3,1,True,offsets_drift_not_heading_shaped
P000179,old,4b43e4ebe18c493d83bd59ea5f05cf31,214297,214319,214295,214320,start-2|end+1,1,True,offsets_drift_not_heading_shaped
P000179,old,feb63f8b33c145959d7a6dfe569990d9,216720,216738,216718,216738,start-2,1,True,offsets_drift_not_heading_shaped
P000179,old,1dfc3129e6074f829324c9e6e2446e45,222347,222373,222347,222374,end+1,1,True,offsets_drift_not_heading_shaped
P000179,old,6ec19df9dc4b42abb8009b21dbdba308,223106,223136,223106,223136,keep,1,True,offsets_drift_not_heading_shaped
P000179,old,001966120fb848948541c1eff0395a51,224675,224705,224674,224705,start-1,1,True,offsets_drift_not_heading_shaped
P000179,old,c8899ce44864496a9b4ae5b7aa1d19f6,230075,230112,230073,230112,start-2,1,True,offsets_drift_not_heading_shaped
P000182,old,3bdfff859a05481fabc584e849896023,105,213,105,213,keep,1,False,
P000183,old,e55e45e89d194ff299bf4e2892ba081c,56264,56379,56264,56379,keep,1,False,
P000183,old,28eb2ac86a5a40598f57e3a6fce8887c,190108,190232,190108,190232,keep,1,False,
P000185,old,bddf3dfd4f5e4ed4b5c86a76af41a083,134,144,134,144,keep,1,True,offsets_drift_not_heading_shaped
P000185,old,db8ea499fcd24df4b49cfff0e8c5cffd,2421,2464,2421,2464,keep,1,True,offsets_drift_not_heading_shaped
P000185,old,15a4419b2c874c4f9f4975b9462fc16a,5410,5468,5410,5468,keep,1,True,offsets_drift_not_heading_shaped
P000185,old,54c979b916ad493db3eecf941428d559,34863,34959,34863,34959,keep,1,True,offsets_drift_not_heading_shaped
P000185,old,16eb4849a2264f62872abed44ca23dcb,55781,55872,55781,55872,keep,1,True,offsets_drift_not_heading_shaped
P000185,old,01da41114ce24b3286f666b86f749ae7,67404,67525,67404,67525,keep,1,True,offsets_drift_not_heading_shaped
P000185,old,5ce76d38593f494388bf085e268d8cca,93674,93749,93671,93752,start-3|end+3,1,True,offsets_drift_not_heading_shaped
P000185,old,388d4543c7e541319bb40ac231c0468f,116595,116657,116595,116657,keep,1,True,offsets_drift_not_heading_shaped
P000185,old,ba0fe8b595f64ea291b46283c73b6d27,117956,118021,117955,118021,start-1,1,True,offsets_drift_not_heading_shaped
P000185,old,43458d98dd554af6abce9a2210e7a9ca,134844,134905,134843,134906,start-1|end+1,1,True,offsets_drift_not_heading_shaped
P000188,old,cd6b8ad5b370402594dce7b76b090936,152,169,152,169,keep,1,False,
P000188,old,11d672c147614e799e3b2a3b2c702ddd,1724,1799,1724,1799,keep,1,False,
P000188,old,e6e2bc7a56b84c68a6d55e3dc2e4c939,28544,28592,28544,28592,keep,1,False,
P000188,old,083c74de048d4a6ea50e85adc11cbba1,34947,35026,34947,35026,keep,1,False,
P000188,old,3f254ec646ba4e0da2b5969a5966626d,51008,51076,51008,51076,keep,1,False,
P000188,old,931646218ec042518d6a8fd70fb5f73b,69824,69918,69824,69918,keep,1,False,
P000188,old,48ff9aedc5ea4891a53947f9846380ff,84505,84531,84505,84531,keep,1,False,
P000188,old,80cf9156937d4feeaa6f9af1fbb06674,88923,88995,88923,88995,keep,1,False,
P000188,old,829f3545afec4ed1af2ca8bb6181d51a,92089,92183,92089,92183,keep,1,False,
P000188,old,9dbf3767dbca4c3d98bd03127508eaae,129360,129463,129360,129463,keep,1,False,
P000188,old,d021d4eb8fca460c831a0bd36ab2e277,150157,150245,150157,150245,keep,1,False,
P000188,old,01f6fc06abc04f059405f2b8b0b4a2be,167287,167387,167287,167387,keep,1,False,
P000188,old,91d95cd7ad2a47ff94ac1ad5efeada7e,183760,183817,183760,183817,keep,1,False,
P000188,old,4dfdc43fd6c04a2da2bae5360a9bb96f,187977,188024,187977,188024,keep,1,False,
P000188,old,cf3d34e485b64c659c72bda43bcd6a6d,195694,195743,195694,195743,keep,1,False,
P000188,old,c673e3ba96e64c89989be6fa3dff8b64,208022,208167,208022,208167,keep,1,False,
P000192,old,dc3148e9348a44ecabc99ffee5ab4b1e,154664,154718,154664,154718,keep,1,False,
P000194,old,b3b78684867f45a39830045720ff996e,158,282,158,282,keep,1,False,
P000195,old,bf4f63b5d7e04d8998930ce5788918a8,3822,3974,3822,3974,keep,1,False,
P000195,old,f8f51cdfe59943a78ee95024b56cb722,20071,20218,20071,20218,keep,1,False,
P000195,old,592a865849cc456f93dbd4d4a7e1886e,234168,234254,234168,234254,keep,1,False,
P000198,old,6d13fba6917047db9a141bf44b428508,106,125,106,125,keep,1,False,
P000198,old,1904ad0705c04d9492287549ee8d7dfd,1020,1142,1020,1142,keep,1,False,
P000198,old,387a07c0a92d46cfa6d3a0c6e9a8d14f,70003,70141,70003,70141,keep,1,False,
P000198,old,fb4f323903da4efda4ea7141853228e5,90279,90322,90279,90322,keep,1,False,
P000198,old,6146db8eede5492e8983adc56c235026,247836,247917,247836,247917,keep,1,False,
P000198,old,b5297b8a70234520a62070801d768c19,257620,257747,257620,257747,keep,1,False,
P000198,old,75c4f6d270354ef6a50784a401365141,327556,327634,327556,327634,keep,1,False,
P000198,old,dc75087571ce494685108bce4ed38e2c,362849,362999,362849,362999,keep,1,False,
P000198,old,e0bd4a9274c2442fa3b00132457c2cab,378762,378910,378762,378910,keep,1,False,
P000198,old,8bed0126755345188d8c626754d08d97,389537,389679,389537,389679,keep,1,False,
P000198,old,9b05e841a8be4b49a739690af53069d5,471283,471365,471283,471365,keep,1,False,
P000198,old,2eb476188e0d4c3098c7bb8d28d6d4ae,478647,478742,478647,478742,keep,1,False,
P000198,old,796d381a03de4a45abf27a26b6afcb01,486761,486869,486761,486869,keep,1,False,
P000198,old,b4fff12eaef64d4086ffea0f1d14356d,490786,490934,490786,490934,keep,1,False,
P000198,old,767158a86f894c54b771dbdc05520525,498999,499066,498999,499066,keep,1,False,
P000198,old,9a67b4da0af641bd9d7827a46ad4db4a,504514,504672,504514,504672,keep,1,False,
P000198,old,281d457f595049d6bb7a4514d304b254,524089,524203,524089,524203,keep,1,False,
P000198,old,c1e3e9c72b6147378df65902d927b3bd,555115,555201,555115,555201,keep,1,False,
P000198,old,f7dcf2f19e5b4ea9a2e05e7d69bc16f4,575708,575814,575708,575814,keep,1,False,
P000198,old,8b8697b361254b2a841681c4f8c91817,602089,602208,602089,602208,keep,1,False,
P000198,old,e001f678acdd42a7a98124ad530c83d2,637434,637474,637434,637474,keep,1,False,
P000199,old,e32f69dcf2a542a98ff59b2131537c80,6478,6501,6478,6501,keep,1,True,edges_unfixable
P000199,old,40c018a4c5ee469cb4aaa3430ac4c653,102140,102159,102140,102159,keep,1,True,edges_unfixable
P000199,old,baa0927f871f4213b8cdd6024c3c1043,332892,332906,332892,332908,start_unfixed|end+2,1,True,edges_unfixable
P000199,old,fa95eed9e454463db00d489bd9d30b6e,644409,644439,644409,644441,end+2,1,True,edges_unfixable
P000199,old,d55568e82a624442bcfb4deca47ede93,646203,646227,646203,646227,start_unfixed,1,True,edges_unfixable
P000200,old,42a0b2f6240244dbafb18dd875dc0981,71,76,71,77,end+1,1,False,
P000200,old,763842986759447b906540d3af582dbc,738,787,738,787,keep,1,False,
P000200,old,5435f5274fd34c6080bcbd27d5ea6481,2983,3056,2983,3056,keep,1,False,
P000200,old,5e9d3f407ca445ecaa01b9e93c762ca9,119425,119496,119425,119496,keep,1,False,
P000200,old,8a5dcf9fb3ff4065baf1db613cd9a662,121707,121773,121707,121773,keep,1,False,
P000201,old,2be4bf5b0112439b8e144328c6fe3164,67,152,67,152,keep,1,False,
P000201,old,e8c9b925a9d54a5bbe087009004be9d8,3121,3184,3121,3184,keep,1,False,
P000202,old,2d80e87753f94037a93632f35a23cca9,102,177,102,177,keep,1,False,
P000203,old,4097a9fbd8ba4be8a7cead1d4475807f,87,134,87,134,keep,1,False,
P000203,old,7877be909cf948eeb32d864d8e0ea5a1,60415,60465,60415,60465,keep,1,False,
P000203,old,e922543946794a209b0a681f485472f7,95826,95878,95826,95878,keep,1,False,
P000203,old,8781084edde44fc4ada6e09e065f85e4,143524,143577,143524,143577,keep,1,False,
P000204,old,2f2c2b33810b4e04871c4277f323c50e,3871,3965,3871,3965,keep,1,False,
P000204,old,b6114cc40ce14f19845fda6c0018d638,11906,11926,11906,11926,keep,1,False,
P000204,old,b2791a98e45143d19c7e9c210186c314,18166,18195,18166,18196,end+1,1,False,
P000204,old,b4d5af8e2ef641eb8a548437e3fb3c6f,25325,25347,25325,25348,end+1,1,False,
P000204,old,238d18006602477e8107b350dda53f52,34731,34756,34731,34756,keep,1,False,
P000204,old,eed784aba8b84d1d82634ef99f0410a6,38011,38041,38011,38041,keep,1,False,
P000204,old,322b578d8e204165999a8a74e9999067,51757,51784,51757,51784,keep,1,False,
P000204,old,aec39f935aa7447f8bd92bdc50acf136,66703,66722,66703,66722,keep,1,False,
P000204,old,46c2d550ce23483d87c4d5f7cfe4461b,80134,80160,80134,80161,end+1,1,False,
P000204,old,2ed0d23b6bdd466cad3815eefc70c770,83182,83213,83182,83213,keep,1,False,
P000204,old,35384db04ef345709436703168e4a9c1,88686,88722,88686,88722,keep,1,False,
P000204,old,a3c7dd18d25744bcb0595c84b7523230,95409,95438,95409,95438,keep,1,False,
P000204,old,9033f44c703f46e0a3f031402adf4f45,97660,97701,97660,97701,keep,1,False,
P000204,old,670a2d626dd4459daa1441ff27f0f519,103102,103127,103102,103127,keep,1,False,
P000204,old,6c6d6c8112964f6785361c727cbc3cb3,104778,104798,104778,104798,keep,1,False,
P000204,old,896d83ca66564808a235e5779987824f,105741,105793,105741,105793,keep,1,False,
P000204,old,1b6fa551feb647c892745a282303273c,108951,109017,108951,109017,keep,1,False,
P000204,old,ee9843b956b2446694c34607a40a9ce4,112487,112549,112487,112550,end+1,1,False,
P000204,old,de75bb3fb83b49cfbd16b69f310453f0,115470,115499,115470,115499,keep,1,False,
P000204,old,13c207944fa84dd782262f505c270c4e,118339,118383,118339,118384,end+1,1,False,
P000204,old,fb3f7d2b09344808a4b8711979bd7f0f,120444,120467,120444,120468,end+1,1,False,
P000204,old,88e5bc6ab034485a9cffd32202b8d33d,121145,121171,121145,121171,keep,1,False,
P000204,old,41f08960bcae4b548549ec620d52b119,124696,124711,124696,124711,keep,1,False,
P000204,old,c8d4880d5216499b96f87fcbc0dc84e5,125055,125086,125055,125086,keep,1,False,
P000204,old,1c2c1124789049d895c322e4d2b821bc,129447,129476,129447,129476,keep,1,False,
P000204,old,caa5c71cf5074ed0a6072a13e8dc1265,131492,131578,131492,131578,keep,1,False,
P000204,old,8cb33e9ec9f24542bf4784761b9d3d9b,140572,140657,140572,140657,keep,1,False,
P000204,old,4c7ed0e6a04b4df39c6316ee8e66a772,147251,147339,147251,147339,keep,1,False,
P000204,old,a4c135204d8c42459fe3bf54983d94e3,154090,154210,154090,154210,keep,1,False,
P000204,old,4350afb643b24ed2a7d2220e006a0e6f,162084,162123,162084,162123,keep,1,False,
P000204,old,37ed15b7f19040a8b842a6d66a77280f,164505,164553,164505,164553,keep,1,False,
P000204,old,d28c2312831e40be97fd013ccbab0341,167383,167425,167383,167425,keep,1,False,
P000204,old,f869dd273f6f48b2a087938bf2c07f98,170061,170107,170061,170107,keep,1,False,
P000204,old,674acb0d0a1f4fc29ff4479318bc1090,173524,173558,173524,173558,keep,1,False,
P000204,old,de46f7fc956c4484bd086dfcbaff427d,178473,178516,178473,178516,keep,1,False,
P000204,old,d39ed993906b4e3b9082e2155432039f,181371,181415,181371,181415,keep,1,False,
P000204,old,0e52b7d4e1b845c1b0858fd82076f030,185515,185563,185515,185563,keep,1,False,
P000204,old,8f91e68ddbb34789bbbf6158fef764da,187676,187759,187676,187759,keep,1,False,
P000204,old,9af3fec863514744b676b9aa9c279e06,193330,193447,193330,193447,keep,1,False,
P000204,old,8b91faa325fc413d9b4c3fd42251ae9c,197488,197612,197488,197612,keep,1,False,
P000204,old,c11742d2d0e2402eb9e7420a2543756c,205082,205116,205082,205116,keep,1,False,
P000204,old,d68a2a2a666c4fd08f678331d516d829,206854,206877,206854,206877,keep,1,False,
P000204,old,a214b1ab5fe84146b9ceaf91da91d6a6,212020,212061,212020,212061,keep,1,False,
P000204,old,4461798a937240098a8e942bffbf578d,213882,213934,213882,213934,keep,1,False,
P000204,old,2aea06dd36a14a698a11de06c9582cb5,217004,217065,217004,217065,keep,1,False,
P000204,old,f12843aff9ef4ddfb9d5ee19d43cf19b,219499,219549,219499,219549,keep,1,False,
P000204,old,b37af34c11284097a25180ab94d2ac96,221640,221692,221640,221692,keep,1,False,
P000204,old,9665f5d372c14cc89dfa26564028d89b,225131,225163,225131,225163,keep,1,False,
P000204,old,596a5bd467a141a0b8d52f7b29d5461a,227529,227571,227529,227571,keep,1,False,
P000204,old,0a8aa0ce76f34ad38140badb6213ea52,228742,228787,228742,228787,keep,1,False,
P000204,old,e6fd0f519b8240b78d24244a88aaebd0,234276,234325,234276,234325,keep,1,False,
P000204,old,5155d72b171b47799fe768419693aa0f,236067,236099,236067,236099,keep,1,False,
P000204,old,eaf2ed494f5b4af797d70f4288af04d9,238615,238661,238615,238662,end+1,1,False,
P000204,old,6ab2f62e4b0647219db426960aa8a1a4,239890,239952,239890,239952,keep,1,False,
P000204,old,d31fbb60b6b043e899568d776a913738,240512,240556,240512,240556,keep,1,False,
P000204,old,47d9c045e3b645208fe88003a6cb9ad1,241790,241826,241790,241826,keep,1,False,
P000204,old,b26fd4a13aec4d44953f0a2cc7800a6c,242658,242717,242658,242717,keep,1,False,
P000204,old,574da27da53544cda3d499505bb23f7b,243792,243824,243792,243824,keep,1,False,
P000204,old,3a689d5d1c9d45469210d7b3b8aa1a1b,248009,248060,248009,248060,keep,1,False,
P000204,old,cf7a4ab7dbe9471a92f096e73cce1b30,252635,252687,252635,252687,keep,1,False,
P000204,old,93d954d3a2c64a01a758b91678d599b2,257460,257507,257460,257507,keep,1,False,
P000204,old,805359e2eee24ddb9efd6b8c5e9d4fc4,258931,258959,258931,258959,keep,1,False,
P000204,old,ff8c14e4bbda4c729ae0be5a3f6b4997,259917,259946,259917,259946,keep,1,False,
P000204,old,c786c67fa41b4e5c8a210594b3c44cd7,260799,260844,260799,260844,keep,1,False,
P000204,old,72fe88428abc413b83fb650a250f7afe,261504,261546,261504,261546,keep,1,False,
P000204,old,11003255fe1d4bb68d71828acd688578,262882,262930,262882,262931,end+1,1,False,
P000204,old,6c7d71c668c84664ade82b1923c8a1d8,263824,263852,263824,263852,keep,1,False,
P000204,old,0e7c0a084dc4453e91120d8afc2815b0,264500,264545,264500,264546,end+1,1,False,
P000204,old,ba9af57e4830468489c82e5652df6979,265970,266012,265970,266012,keep,1,False,
P000204,old,2202049c37f84b8b8c7dda17ff22386a,266837,266884,266837,266884,keep,1,False,
P000204,old,6b590a65bd4646ae818e62909a2dcbf7,270085,270137,270085,270138,end+1,1,False,
P000204,old,4fdc6e3239264aed9848cd8b14926a73,271846,271893,271846,271893,keep,1,False,
P000204,old,3d7a00f16dd641b3b3874a6a2d20a623,273738,273784,273738,273784,keep,1,False,
P000204,old,fe5bcc82b11741f8aef54afde63d3b5a,275488,275529,275488,275529,keep,1,False,
P000204,old,4b2b143b9d9d4a7d85de207f48ab977a,277315,277356,277315,277356,keep,1,False,
P000204,old,7fbac7fd6c4a4c729d93abe6c543d199,279295,279319,279295,279319,keep,1,False,
P000204,old,4ae2ca1908b446e6aff310c42995eb52,281043,281066,281043,281066,keep,1,False,
P000204,old,cf78d971bdac4a4dbfc2f7689a25eb64,281483,281508,281483,281508,keep,1,False,
P000204,old,2add21d1856a4e53b81f699c8e0e1d67,281751,281788,281751,281788,keep,1,False,
P000204,old,9cb78c3431b440f7bff7110a67512de1,287686,287713,287686,287713,keep,1,False,
P000204,old,902ca256e482445882fd8fc8cc726fc8,290647,290686,290647,290686,keep,1,False,
P000204,old,92d572b1298345f68ff69dfc31ea756e,292322,292350,292322,292350,keep,1,False,
P000204,old,d9f9df98796946ba89c83ff1b7a7a069,293589,293623,293589,293623,keep,1,False,
P000205,old,d5f6055aa8b24dd2bb3f57c57fbfe74a,148,166,148,166,keep,1,False,
P000205,old,de0ffe42b1d4434198a824818b8502fa,2484,2519,2484,2519,keep,1,False,
P000205,old,6e348f4b361346db910afb7eed65e946,11549,11583,11549,11583,keep,1,False,
P000205,old,95e23213014543489796cc1248cd9810,76515,76555,76515,76555,keep,1,False,
P000205,old,a5117e8c3c7948d4a20e19db601c9541,152438,152465,152438,152465,keep,1,False,
P000205,old,674f9d269aec4b65bd0e303463773da8,159645,159672,159645,159672,keep,1,False,
P000205,old,0d5315cbfc68443b94f6a96ced1fdbb0,189795,189827,189795,189827,keep,1,False,
P000205,old,c856dfd1df024a4eae082f28c9618c9f,272427,272451,272427,272451,keep,1,False,
P000205,old,041d055c8b38472687c93701b82a09a2,329602,329623,329602,329623,keep,1,False,
P000205,old,7b72cc6500c54a78801eb955b0df3abc,453320,453350,453320,453350,keep,1,False,
P000205,old,95dfdb636760430f8f46a81ea91538ee,575853,575864,575853,575864,keep,1,False,
P000205,old,071c557f03de4ccfbf8c013d59b773bd,578457,578529,578457,578529,keep,1,False,
P000205,old,b4b255cf5c35455191f3a0cbde506260,581238,581290,581238,581290,keep,1,False,
P000205,old,a2ce508e8b754a0eb8a1a58dbe823efb,584623,584639,584623,584639,keep,1,False,
P000206,old,2edd357e5bc444a397bca88e4512c309,12451,12546,12451,12546,keep,1,False,
P000207,old,32670abddaba4854ac17d8889586f33f,544,615,544,615,keep,1,False,
P000207,old,354a3432977d462db978441e610f6397,44592,44629,44592,44629,keep,1,False,
P000207,old,e816a86acca8476d8ca9a80a471b7423,133437,133473,133437,133473,keep,1,False,
P000207,old,b25929c3873643da98ad8ca7efa435d9,182565,182614,182565,182614,keep,1,False,
P000211,old,d94e290127d64c6eb64019d1b35e0cbe,52,149,52,149,keep,1,False,
P000211,old,626f941b0d2942b99fbfeb37f80be919,1425,1473,1425,1473,keep,1,False,
P000211,old,9a7b2f9a5131424abe17f7bda253058d,22319,22379,22319,22379,keep,1,False,
P000211,old,957eb04b6a914823b8f7124a39dbae2e,25021,25054,25021,25054,keep,1,False,
P000211,old,8ff3b5bb44df42e798b63eb6c0d3895a,33114,33140,33114,33140,keep,1,False,
P000211,old,79baaa309ac64a9ea177848a1e9807b6,47971,48011,47971,48011,keep,1,False,
P000211,old,c0bf0617e39e467c8b4ad7e400a1f089,65129,65170,65129,65170,keep,1,False,
P000211,old,dae416887ad34187908ae62e558ecabc,73185,73248,73185,73248,keep,1,False,
P000211,old,3225b78c23884fba9459b7b20405934a,73813,73855,73813,73855,keep,1,False,
P000211,old,5901f08dbfcc4b6980595d0c97cf982e,89947,89987,89947,89987,keep,1,False,
P000211,old,de51ed7e2d3648dbae7140ac6bfdfc43,104084,104126,104084,104126,keep,1,False,
P000211,old,09989bf6cf1b4194ad2e725e3a8a61fb,115027,115071,115027,115071,keep,1,False,
P000211,old,d6137c4019144797bf6cb76908683c18,128848,128893,128848,128893,keep,1,False,
P000211,old,54969adec032466b84b94292bb58cd92,138617,138659,138617,138659,keep,1,False,
P000211,old,6b052513e81a4facaa2e433f45f69fc2,150040,150098,150040,150098,keep,1,False,
P000211,old,7d3ddc39123b47af9b72d8a1b315688a,155898,155946,155898,155946,keep,1,False,
P000211,old,6e116f1ef993474986d3cc2d3ba03ca2,160897,160945,160897,160945,keep,1,False,
P000211,old,3ccdd1362a904a24b1a8736f7dca7a2a,167819,167880,167819,167880,keep,1,False,
P000211,old,4a29b273418841899aa4818a150ceb14,170313,170332,170313,170332,keep,1,False,
P000211,old,44725f28edf34c958e43a483760985ee,186314,186375,186314,186375,keep,1,False,
P000213,old,cb4e7fbe617c495cb143749c16d69382,125,179,125,179,keep,1,False,
P000213,old,5f6619a9059a471c9191051089bbfab1,181,273,181,273,keep,1,False,
P000215,old,0b0178de07fa4e37a8ad4748bb4905c3,73,90,73,90,keep,1,False,
P000215,old,b9a574fa737845bca78bb929ee02f15f,5969,6016,5969,6016,keep,1,False,
P000215,old,cb333b18f46540e5aac198a3355a88ab,8874,8897,8874,8897,keep,1,False,
P000215,old,57ccf831904c4fcea21de5d6bb37ead8,13548,13610,13548,13610,keep,1,False,
P000215,old,81258d4ee776483eaa7c44acf4813d04,14820,14897,14820,14897,keep,1,False,
P000215,old,142b180d17694cd28e5e743bc8cf3081,91367,91432,91367,91433,end+1,1,False,
P000215,old,3941e55cb91d4114acbf5abf3e03328c,159726,159789,159724,159789,start-2,1,False,
P000216,old,c0eb1a613b74479d8ea03c5f67d6e6f1,139,250,139,250,keep,1,False,
P000217,old,23e64e0a85044aef8f20b725dfe21951,132,149,132,149,keep,1,False,
P000217,old,02ab37a289734c59acec4b955a3f9534,4158,4212,4158,4212,keep,1,False,
P000217,old,a4992c94bfb341628b85d3c7150b8490,11282,11336,11282,11336,keep,1,False,
P000217,old,48d8aef69a494428965211fa6b7640ca,16865,16938,16865,16938,keep,1,False,
P000217,old,f329fb8b305445518141a3fee2d6ddd6,34788,34855,34788,34855,keep,1,False,
P000218,old,54f85fed33284fea9fdcad87a7996a1c,86,104,86,104,keep,1,False,
P000218,old,a4d08493b6b34f979b6703fc923f6615,13593,13619,13593,13619,keep,1,False,
P000218,old,db133500f25745f7a56fc8d40c9c4222,15048,15065,15048,15065,keep,1,False,
P000218,old,870e297223db4023a83442caf5bf0a8d,20663,20688,20663,20688,keep,1,False,
P000218,old,962b73813ca54ad591ff544a060284bb,68671,68724,68671,68724,keep,1,False,
P000218,old,710546d3fce640f59efc982731b30e49,96631,96658,96631,96659,end+1,1,False,
P000218,old,0edc5e0409594069aa582d8f200cb76c,145342,145362,145342,145362,keep,1,False,
P000218,old,0909ce99ea564c2bba49181786f58ae9,163090,163136,163090,163137,end+1,1,False,
P000218,old,07579d664a314faf9a1d688296c6aafd,182380,182412,182380,182412,keep,1,False,
P000218,old,be4efe910a0a4a3fbc7862b92bb34ea4,186449,186516,186449,186516,keep,1,False,
P000218,old,b64f50547e864eb09c7e95681294e4ec,324764,324835,324764,324835,keep,1,False,
P000218,old,311f32e8e5ff4f5d94991af2e4b5ff31,388065,388124,388065,388124,keep,1,False,
P000218,old,0033a5bc284f46569c5cb428d5a8df88,435952,436092,435952,436092,keep,1,False,
P000218,old,8cb429f4b2a140dd9f6ddaab4910feed,475578,475650,475578,475650,keep,1,False,
P000218,old,d9ec3903e3f34a12809738bd05ac06d1,720840,720856,720840,720856,keep,1,False,
P000220,old,c9ba63485907436da047b95b3eb670ea,215,363,215,363,keep,1,False,
P000220,old,62ac915671fe4f0aa446cfb6c8f54991,365,522,365,522,keep,1,False,
P000220,old,77f1a40b018441e6ba81dcf022ba6399,524,534,524,534,keep,1,False,
P000220,old,1c5b66569ee24dba869aae3d1df31d89,33218,33229,33218,33229,keep,1,False,
P000220,old,5712005909924af9b00fd7799aa398d9,75134,75145,75134,75145,keep,1,False,
P000220,old,b6f962abe66e41e7bc601196b7e57959,98526,98540,98526,98540,keep,1,False,
P000220,old,76c53e4bbe074e84a198819576628169,132520,132535,132520,132535,keep,1,False,
P000220,old,b43d2a3b521c495a8b8bef08860f97ee,213050,213067,213050,213067,keep,1,False,
P000220,old,dca2ad28d604425ca01635b716f577ef,248719,248736,248719,248736,keep,1,False,
P000220,old,abc28674abb24815bc0e11adc56aa15c,295238,295256,295238,295256,keep,1,False,
P000220,old,56832da834714e12beeb0f326d56dc21,338121,338137,338121,338137,keep,1,False,
P000220,old,21b6c497c820423f9d9adaf4172bf7e5,353052,353068,353052,353068,keep,1,False,
P000223,old,86dfb555b0cc4098927197340286b539,176,300,176,300,keep,1,False,
P000224,old,376aca68aba5444f9752d63c7686acd2,496,557,496,557,keep,1,False,
P000224,old,fd70ae6d2b3149a39d438d3911b6ffd3,217393,217445,217393,217445,keep,1,False,
P000224,old,ff79499916e2457b8d882e6fa532f6ec,332769,332813,332769,332813,keep,1,False,
P000224,old,9cd8aa9000764e8886acb62076ba885d,496867,496911,496867,496911,keep,1,False,
P000226,old,97d845b569b54336933fd16d886b97af,45,121,45,121,keep,1,True,offsets_drift_not_heading_shaped
P000226,old,f4ce080155c04452b0119cff6672b811,49316,49328,49316,49330,end+2,1,True,offsets_drift_not_heading_shaped
P000226,old,cec7576064704245a461f78c7b8afb13,158289,158302,158289,158303,end+1,1,True,offsets_drift_not_heading_shaped
P000226,old,fee5141578634008b26ed895ea6e8096,167617,167630,167615,167630,start-2,1,True,offsets_drift_not_heading_shaped
P000226,old,f222c26cca084f0abf18200f0bdfbefd,178235,178247,178235,178247,keep,1,True,offsets_drift_not_heading_shaped
P000226,old,69b310b6c1f44d1e9e847e703466b63a,198202,198213,198201,198214,start-1|end+1,1,True,offsets_drift_not_heading_shaped
P000226,old,c69b2736a53d48edaa362bd84d8876c1,203554,203567,203554,203570,end+3,1,True,offsets_drift_not_heading_shaped
P000226,old,3583e0d861e9496b96f91a6735b09775,208444,208457,208442,208457,start-2,1,True,offsets_drift_not_heading_shaped
P000226,old,b805e9d5d4364fddbfbe6ceefb5ca829,228070,228084,228069,228084,start-1,1,True,offsets_drift_not_heading_shaped
P000226,old,728ff018e4b44706bfac06d486fbf36d,236408,236420,236405,236420,start-3,1,True,offsets_drift_not_heading_shaped
P000226,old,63db8e5bc0b9430bb29d5ef4b86762a5,254731,254743,254731,254744,end+1,1,True,offsets_drift_not_heading_shaped
P000226,old,1f0f985be8a94530b14e55ab2cb2d212,258849,258866,258848,258866,start-1,1,True,offsets_drift_not_heading_shaped
P000226,old,12ddd403528348d3b64a8b0207305fe9,270854,270871,270854,270871,keep,1,True,offsets_drift_not_heading_shaped
P000226,old,e11298d92ad64d969896eee58deade60,284013,284030,284013,284030,keep,1,True,offsets_drift_not_heading_shaped
P000226,old,e2e5770e66194dba9e3c3d3dfb127e8f,302541,302557,302541,302559,end+2,1,True,offsets_drift_not_heading_shaped
P000226,old,f5bd6646d5e04a2390e6d2262ab4d58d,306724,306739,306724,306742,end+3,1,True,offsets_drift_not_heading_shaped
P000226,old,6d161ac237b1499b8a189681b241faba,309465,309482,309464,309482,start-1,1,True,offsets_drift_not_heading_shaped
P000226,old,a69b5ea886f84b239ebb73f4aa313a7c,321562,321579,321561,321579,start-1,1,True,offsets_drift_not_heading_shaped
P000226,old,1309c1524d4441b9b7583a3906169375,323436,323454,323436,323454,keep,1,True,offsets_drift_not_heading_shaped
P000226,old,c6323060cb4f4b80af1e550d22ffa09e,324146,324162,324143,324163,start-3|end+1,1,True,offsets_drift_not_heading_shaped
P000226,old,1ef52fa96bba49c38789809e6d9596cd,371733,371747,371732,371748,start-1|end+1,1,True,offsets_drift_not_heading_shaped
P000226,old,f59be3d6c1004886ad8e78ac13c172d8,375686,375705,375686,375705,keep,1,True,offsets_drift_not_heading_shaped
P000226,old,d7d86670674f4299bdbd6b2c30afd4ae,376617,376636,376617,376638,end+2,1,True,offsets_drift_not_heading_shaped
P000226,old,5300da0f90344b2a93b26d2a3ff8a729,382661,382709,382661,382710,end+1,1,True,offsets_drift_not_heading_shaped
P000227,old,18786e0631fb4f259e568e686ce4af14,77,141,77,141,keep,1,False,
P000227,old,016d5eddc72c44c9b98d68391dee980d,2476,2574,2476,2574,keep,1,False,
P000227,old,2e49de08a22d44dda88d1839fd8bce50,31616,31700,31616,31700,keep,1,False,
P000227,old,959963cf75ce49aca11064380eca5b40,339044,339129,339044,339129,keep,1,False,
P000227,old,a70c3f1dbc0a4767aa9336feb4afecdc,359570,359620,359570,359620,keep,1,False,
P000227,old,6164bc0f6b454495aa25077985656226,370940,370987,370940,370987,keep,1,False,
P000227,old,bc24589ada1f44319f05a3d7895b91f7,386650,386706,386650,386706,keep,1,False,
P000227,old,a083df3b733444bd9dd57b96ad8913c3,436891,436976,436891,436976,keep,1,False,
P000229,old,543ae634033b40c2b17586804221f9d7,44,219,44,219,keep,1,True,offsets_drift_not_heading_shaped
P000229,old,82fb110d318a40c288162622fd82acef,221,270,221,270,keep,1,True,offsets_drift_not_heading_shaped
P000229,old,c16932f53bbe428dad1ba4749724a0d6,1637,1718,1637,1718,keep,1,True,offsets_drift_not_heading_shaped
P000229,old,467ce7ac6b014b81902623d19d0d5354,7947,7969,7947,7969,keep,1,True,offsets_drift_not_heading_shaped
P000229,old,df5ef57b37ed4d1d8f13e0c4986a9f0e,44500,44528,44498,44531,start-2|end+3,1,True,offsets_drift_not_heading_shaped
P000229,old,afe320a74351442e8f23c4f7156b57af,53442,53466,53440,53466,start-2,1,True,offsets_drift_not_heading_shaped
P000229,old,243eb938a2e74d108a6a72fdaca34327,204116,204140,204116,204141,end+1,1,True,offsets_drift_not_heading_shaped
P000229,old,6178d2d9539a45a7a8aa35ffc988cfaf,250757,250776,250757,250776,keep,1,True,offsets_drift_not_heading_shaped
P000229,old,010ef483415b4ea59b85effa3c781538,282092,282112,282092,282113,end+1,1,True,offsets_drift_not_heading_shaped
P000229,old,2524375665524ae79dfe936b070358bf,303682,303710,303682,303712,end+2,1,True,offsets_drift_not_heading_shaped
P000229,old,fc061aa0e44b43e693657c822f0b6907,312635,312660,312633,312660,start-2,1,True,offsets_drift_not_heading_shaped
P000229,old,e90c070ddd904f46aceb2f7fbbe3244a,335467,335493,335467,335493,keep,1,True,offsets_drift_not_heading_shaped
P000229,old,25623e41b6c047ed8eea2d3835be1f5e,357728,357759,357726,357760,start-2|end+1,1,True,offsets_drift_not_heading_shaped
P000229,old,9f1bbefca73e49e5bcec9ff929421ac7,376891,376921,376891,376923,end+2,1,True,offsets_drift_not_heading_shaped
P000229,old,b0a00deda3d840d797ebf646a58be8ac,376972,376981,376970,376981,start-2|end_unfixed,1,True,offsets_drift_not_heading_shaped
P000229,old,0c4fbc89eb3441c4b9e9b482a3668292,422779,422787,422778,422787,start-1,1,True,offsets_drift_not_heading_shaped
P000229,old,c1dff564536f457da4e30f197619f585,424345,424372,424345,424374,end+2,1,True,offsets_drift_not_heading_shaped
P000229,old,b8b7a618128448e7ba8f080e5833a783,451324,451332,451321,451332,start-3|end_unfixed,1,True,offsets_drift_not_heading_shaped
P000230,old,4fc55d03fbfb4d839eb54001bcb7b3b1,216,398,216,398,keep,1,False,
P000232,old,711c329dd6f74d45b13612e8dc442cf4,140,228,140,228,keep,1,False,
P000235,old,a2385a4db7dc4b819acb96d9b5652ba3,4015,4053,4015,4053,keep,1,False,
P000236,old,26cd4c1e64484afbb2bb6cbcc928cf60,163,179,163,179,keep,1,False,
P000236,old,e55784b524eb4a0dae131c067b2ee7fd,6420,6543,6420,6543,keep,1,False,
P000236,old,8cf7cc233dde486fb6ee41d3618f8971,7484,7515,7484,7515,keep,1,False,
P000236,old,236579af57e04e12b3466c8f60c0baa1,10586,10635,10586,10635,keep,1,False,
P000236,old,b7f3ec03190b4d60a31b2e47493ba524,25088,25152,25088,25152,keep,1,False,
P000236,old,d66febfed82a4c758279b676b075ae3a,50758,50839,50758,50839,keep,1,False,
P000236,old,1d73f8171af446e3a18d4fd4e72bdb55,134606,134642,134606,134642,keep,1,False,
P000236,old,415bc120a4ef449a983686f4fb45f40e,167034,167071,167034,167071,keep,1,False,
P000236,old,8b83a105facb43fbbce11f8e551d5de0,178643,178671,178643,178671,keep,1,False,
P000236,old,235431e0a05044cb947a827b9425a46b,187321,187362,187321,187362,keep,1,False,
P000236,old,066753633b1b48cd9ec8893db25ad07d,192946,192996,192946,192996,keep,1,False,
P000236,old,dfdbe56c8fb545228636abdaefccf23f,203920,203981,203920,203981,keep,1,False,
P000236,old,edc1c9ed88ee4d38948ff0226d9aac86,275288,275325,275288,275325,keep,1,False,
P000236,old,49f782cdec084f399d7025830f9a1313,282390,282448,282390,282448,keep,1,False,
P000236,old,2773fc6627ce4125a6e522d6f78f03e9,286785,286813,286785,286813,keep,1,False,
P000236,old,04c7332471e2482ebf20c1938044ed8d,302203,302232,302203,302232,keep,1,False,
P000236,old,0aaa4d4bc12b4f01a40efb13da15eddc,310931,310991,310931,310991,keep,1,False,
P000236,old,d09f667d3b454aee97c85049bb794c98,335525,335571,335525,335571,keep,1,False,
P000236,old,55172db2fd514a908f2096d44978617f,337723,337773,337723,337773,keep,1,False,
P000236,old,e4457caa96e24372a7ab3c1072b8fa16,383046,383088,383046,383088,keep,1,False,
P000236,old,627609d9d1ea4bd697123f7d1c7eac00,387831,387863,387831,387863,keep,1,False,
P000236,old,c9fa8340b40745c6b1f7adba54494eb2,401751,401885,401751,401885,keep,1,False,
P000237,old,178a693a999a4816ab519a4008be92c1,73,90,73,90,keep,1,False,
P000238,old,95240c0de44e4723b4ca22dd12006589,205,341,205,341,keep,1,False,
P000238,old,e3849f914cd540a5b947d903e7922b17,343,456,343,456,keep,1,False,
P000238,old,033059944d3d488ca97fd2d9c1efc247,458,594,458,594,keep,1,False,
P000238,old,92f7a4e559874e948b8f58b1bf3ed981,596,708,596,708,keep,1,False,
P000238,old,a98fe93c28e342e7bd426a5d95a1764c,710,825,710,826,end+1,1,False,
P000240,old,2e6e0629bd5d4d5dbeb73f39dae79e59,263,328,263,328,keep,1,False,
P000240,old,91ca7c5030f84702a6baadf950c2855c,9598,9683,9598,9683,keep,1,False,
P000240,old,9ada5fff8d9f459883f9e5a433f52875,65352,65424,65352,65424,keep,1,False,
P000240,old,380e49a569d2494694bccba55e6b641a,75614,75670,75614,75670,keep,1,False,
P000240,old,745d5e1d97be45bc96a67d7b764c4642,102190,102329,102190,102329,keep,1,False,
P000240,old,271f8e1d7fed465d8d39036734f4df98,110230,110317,110230,110317,keep,1,False,
P000240,old,6269bbe0354d44f7abd508e14a0d2a70,122039,122170,122039,122170,keep,1,False,
P000240,old,65784189559248e5a36fbfa0fa8522ed,327916,327984,327916,327984,keep,1,False,
P000240,old,468e79970ac04145a72496894140d1f1,347030,347080,347030,347080,keep,1,False,
P000240,old,fc7c7d29396340e4bf94b356770f13e3,354310,354404,354310,354404,keep,1,False,
P000240,old,33c03ab937c848b2adfd305eb6e72f2b,385202,385246,385202,385246,keep,1,False,
P000240,old,f1be9a67c3c5483984a35cf8aedefdb0,399949,400021,399949,400021,keep,1,False,
P000240,old,6792d4c893db4f939eaf819ce17085d7,412354,412416,412354,412416,keep,1,False,
P000240,old,167a80761b5a4123be08be78c3bdd7d9,558728,558755,558728,558756,end+1,1,False,
P000240,old,9b131c6dad6940c0b59c1ef79f5846e2,570671,570770,570671,570770,keep,1,False,
P000240,old,3e83bc102d414d5e946d375a7d2011ff,583820,583893,583820,583893,keep,1,False,
P000240,old,6726b13d0da64c2eaee4943bd8ed00d2,583895,584011,583895,584011,keep,1,False,
P000245,old,3894fbbdc74b41059bebc0fab3ab0d51,78,90,78,90,keep,1,False,
P000245,old,33ad41751ac94d6e8f43aba9c9ed9ec5,98736,98749,98736,98749,keep,1,False,
P000245,old,0b706f9ed5204845a8e6395df9c2145f,144999,145012,144999,145012,keep,1,False,
P000245,old,13e5e38c4a1b413b87a97dfdd7828efb,180298,180310,180298,180310,keep,1,False,
P000245,old,494708e80cdc4792b612242aa044d03d,211164,211175,211164,211175,keep,1,False,
P000245,old,946b3b82e837475cb552c57a043ff681,230342,230355,230342,230355,keep,1,False,
P000245,old,198d3123552348c0924a926b63986a0a,238901,238914,238901,238914,keep,1,False,
P000245,old,acbdc0d3400948a3ab9547acbcc8c08a,245142,245156,245142,245156,keep,1,False,
P000245,old,f2e41344fa914312ac719c34a4c0f5f0,247760,247772,247760,247772,keep,1,False,
P000245,old,35d61778fd274664a6696b97eee68645,269281,269293,269281,269293,keep,1,False,
P000245,old,465b2c0273234631bbe96d28b26dcaf6,272012,272029,272012,272029,keep,1,False,
P000245,old,bfb272a9534447579e5a22457c3ed081,312040,312057,312040,312057,keep,1,False,
P000245,old,ccbed405eedd4fcf9f958e4abf25638f,329360,329377,329360,329377,keep,1,False,
P000245,old,dc5e56f24c9244a4a739f09352948c62,349364,349380,349364,349380,keep,1,False,
P000245,old,a20c5e26e2ee4eada89471bd9357a951,355879,355894,355879,355894,keep,1,False,
P000245,old,0b7a32cb215e4dd29e645cc52106d298,382732,382745,382732,382745,keep,1,False,
P000245,old,6777738b6e864cd0a7564b3e216a9492,390411,390428,390411,390428,keep,1,False,
P000245,old,f12517f2fbce4b829125fcdae0f65b1b,393791,393809,393791,393809,keep,1,False,
P000245,old,ed7e412af21943a7880f5c5d6aa007b4,397441,397457,397441,397457,keep,1,False,
P000245,old,547937533cf947e2a7d47f573a267aa5,432818,432832,432818,432832,keep,1,False,
P000245,old,82f9a230c728444da2e7197f4cb582e7,435343,435360,435343,435360,keep,1,False,
P000245,old,c0aac308176a441399256cdfebd82703,438197,438219,438197,438219,keep,1,False,
P000245,old,47821a1fccc3483db91dbb384c177176,441415,441423,441415,441423,keep,1,False,
P000245,old,4ee65edfa037428f88ef4d03456e4724,442205,442221,442205,442221,keep,1,False,
P000246,old,a7806e5456194939b7540e09ccabce09,122,138,122,138,keep,1,False,
P000246,old,57e4686fb60f464eb1edd1bf65f38214,4038,4119,4038,4119,keep,1,False,
P000248,old,7645b948526340be8ead53bae349724d,151,246,151,246,keep,1,False,
P000250,old,f7d13f1f5c3345eebe581dc55f665240,925,974,925,974,keep,1,True,offsets_drift_not_heading_shaped
P000250,old,ab61382cac4445a093c60608b2fa8923,2734,2770,2731,2770,start-3,1,True,offsets_drift_not_heading_shaped
P000250,old,812a1ed8d792432ab3e18934c44fc99c,4206,4230,4205,4231,start-1|end+1,1,True,offsets_drift_not_heading_shaped
P000250,old,e7440af775024f8088b62c5ee9a6f3f2,6409,6458,6408,6458,start-1,1,True,offsets_drift_not_heading_shaped
P000250,old,69c8f47340af4d8a8843d1fb179b19bc,9702,9738,9701,9741,start-1|end+3,1,True,offsets_drift_not_heading_shaped
P000250,old,66cfcf344b4b4b1ca3253e21616a5109,12764,12788,12763,12788,start-1,1,True,offsets_drift_not_heading_shaped
P000250,old,40d45377da894bf2a466539d6e42feca,15942,16034,15941,16034,start-1,1,True,offsets_drift_not_heading_shaped
P000250,old,6c69d9be5ffd45b683aea4b6c62cc64e,22038,22130,22038,22130,keep,1,True,offsets_drift_not_heading_shaped
P000250,old,0bc543c70a5d4890b05227b3bebafc60,58685,58764,58683,58764,start-2,1,True,offsets_drift_not_heading_shaped
P000250,old,1d8e19cd9aa24b428af2853039e2c2ed,125305,125382,125303,125384,start-2|end+2,1,True,offsets_drift_not_heading_shaped
P000252,old,7da5a2a620664680bba9c5e1df420ee6,124,223,124,223,keep,1,False,
P000253,old,ef16d91b340d4a179f2845048c5a64df,119,152,119,152,keep,1,False,
P000253,old,f0d1800f38d549cda7fd97f0b3fa6603,598,614,598,614,keep,1,False,
P000253,old,d16cd80b0182490f95586f28c33d6c21,2623,2650,2623,2650,keep,1,False,
P000253,old,6a8d1490edc746c7b09ff9733f34e38e,3351,3377,3351,3377,keep,1,False,
P000253,old,f3e782d0be4b4886a67c9232ac37eced,4562,4650,4562,4650,keep,1,False,
P000253,old,f169a418aa44410c8f9214a24d9dedcd,31088,31172,31088,31172,keep,1,False,
P000253,old,40887e1586be4b80a17cb854f241780f,47453,47543,47453,47543,keep,1,False,
P000253,old,3da1e311d2e54d568d4dcf825a1c8b49,69702,69876,69702,69876,keep,1,False,
P000253,old,8654a99bbc4b403793cbf5546b478ce0,73059,73073,73059,73074,end+1,1,False,
P000254,old,71f252a14f8d4eacae73d11ca92bc3bc,78,95,78,95,keep,1,False,
P000255,old,df9b81b652c34ee4b0252cfb8bed567b,150,246,150,246,keep,1,False,
P000259,old,ae3e4e7be5904b6e8fcaf07a94fb9ec7,104,189,104,189,keep,1,False,
P000260,old,7b5bcc1b78a64b1e904c4fa52604ebc5,115,195,115,195,keep,1,False,
P000261,old,52b2e2a666a44295962b4e87fcdda9b2,152,251,152,251,keep,1,False,
P000263,old,6cc8b1d2d45b4f6dabc23b59efb1be7d,170,203,170,203,keep,1,False,
P000263,old,844dc83cd04d40eeb1075b4fe4b18036,4182,4372,4182,4372,keep,1,False,
P000263,old,7ec2072f26ab4dfa8b4b678aaa4e2bfb,10138,10215,10138,10215,keep,1,False,
P000263,old,eba74861b8164ec99dc8b17d625d373a,76123,76243,76123,76243,keep,1,False,
P000265,old,f0530eb9bf594f508362c52586de1a71,178,290,178,290,keep,1,False,
P000265,old,285cc6a4679444c4958fda6679de07ff,292,412,292,412,keep,1,False,
P000265,old,8075ec23cf98424bb14ec5f8c9d51e39,2667,2695,2667,2695,keep,1,False,
P000265,old,2b76a1011385428a987e710b00344c4d,7163,7183,7163,7183,keep,1,False,
P000265,old,50fd23a6406843f5aa795d2fe3ab800a,9311,9348,9311,9348,keep,1,False,
P000265,old,49bc922af1e1490c87759692ee87dcae,15655,15683,15655,15683,keep,1,False,
P000265,old,6f345a2aba0d459f9fad0fbc0b4e8513,17670,17698,17670,17698,keep,1,False,
P000265,old,79f49c655ff54b3a92b8eb953f13af82,21044,21075,21044,21075,keep,1,False,
P000265,old,20bf3ea938134789a87396d55e2d2d87,23418,23452,23418,23452,keep,1,False,
P000265,old,0bb270bbeff7434e995eef89a804463f,29891,29924,29891,29924,keep,1,False,
P000265,old,0c22ef6be6f64f2daa2ebe463bfc2961,88416,88455,88416,88455,keep,1,False,
P000265,old,30e07b1135f94788a95aa6a201fd57c8,102765,102800,102765,102800,keep,1,False,
P000265,old,bc3c38fad7e54a29ac82545dd7e248db,158542,158581,158542,158581,keep,1,False,
P000265,old,b33b4202923843d8acb0894b4b326e4d,228370,228396,228370,228396,keep,1,False,
P000266,old,ad4d577d29b04e63a26ed87f726b79dd,16630,16688,16630,16688,keep,1,False,
P000269,old,46075cdb1fa645c6b329c8ce7f7ae52b,45667,45705,45667,45705,keep,1,True,offsets_drift_not_heading_shaped
P000269,old,97ec01a103a64ca8b0d88a78ab21b36c,81939,81992,81938,81992,start-1,1,True,offsets_drift_not_heading_shaped
P000269,old,d6d46ad5d6ca48d88c35cf7dbf8736a6,147355,147401,147355,147402,end+1,1,True,offsets_drift_not_heading_shaped
P000269,old,3243ce7a9130452dbbfda893b3f3970a,279512,279547,279510,279548,start-2|end+1,1,True,offsets_drift_not_heading_shaped
P000270,old,ff1aff04d6ca4cf78f354fd8f9769a0d,183,316,183,316,keep,1,False,
P000270,old,924936aa503a40cf86d4d3ff3ef0ea5a,318,462,318,462,keep,1,False,
P000275,old,c6d48caed86b4965996c9f0e6caa1f39,187,239,187,239,keep,1,False,
P000275,old,0e07977a4cd746bfb6d97fb4cf61319a,868,1036,868,1036,keep,1,False,
P000275,old,d767b3f489c947d0b7531223945768c9,20317,20471,20317,20471,keep,1,False,
P000275,old,2354dd1a3697413689610d7b5c502276,26209,26271,26209,26271,keep,1,False,
P000275,old,39a62811f4644d03bd35b51dbcce814e,26273,26341,26273,26341,keep,1,False,
P000275,old,e4ba2f0f4a7445f6a86bc5b353eca800,32016,32059,32016,32059,keep,1,False,
P000275,old,fe933360cdaf4a42995dcd3513e7cd68,47873,47921,47873,47921,keep,1,False,
P000275,old,9bddcd093a904a1d914028c3c1c6cb08,67145,67197,67145,67197,keep,1,False,
P000275,old,3bf5a32d90dc4e0cacc20ec61c09bde1,75303,75355,75303,75355,keep,1,False,
P000275,old,0fe1df7134904aaeb93f02314eede7ca,79533,79586,79533,79586,keep,1,False,
P000275,old,abfe371184a04a088aaf42859f0bf932,95567,95608,95567,95608,keep,1,False,
P000275,old,69def67d7e764223b93f0c0ddfb15cdf,96850,96899,96850,96899,keep,1,False,
P000275,old,27cd74003d5e4f0781e69ba8748b5a42,104948,104982,104948,104982,keep,1,False,
P000275,old,ca5f0e493e6a4ed58411d1c5c155bb45,111394,111454,111394,111454,keep,1,False,
P000275,old,112f13992ff54de7b0a1b2e4e3736415,138617,138678,138617,138678,keep,1,False,
P000275,old,55a1a77c38134f42a464f3f80e44621e,142089,142130,142089,142130,keep,1,False,
P000275,old,79f99a1d054544d7b292b80dc47f885d,148144,148204,148144,148204,keep,1,False,
P000275,old,9df6f6f3527a47a79caf42d267717c06,162802,162830,162802,162830,keep,1,False,
P000275,old,09d6473a4f654c6da736de725a0ef08a,182485,182551,182485,182551,keep,1,False,
P000275,old,d581a1b858094a9fafbf912c7e61f9f3,202952,203019,202952,203019,keep,1,False,
P000275,old,28d6109cb5d04c0ba65f6284d517f868,230713,230781,230713,230781,keep,1,False,
P000275,old,3e7bb110c1f8443e995e0891009ffbc1,234416,234461,234416,234461,keep,1,False,
P000275,old,3f02ca4318b14033a26902cbf4a38b51,236692,236750,236692,236750,keep,1,False,
P000275,old,5655c3acd6144870a2e4dd424081e4ff,237818,237875,237818,237875,keep,1,False,
P000275,old,fd1c4458173b41cb82069efada3e90fa,240626,240667,240626,240667,keep,1,False,
P000275,old,b5b9053be7ab43df9f3d6671a84fda12,247177,247217,247177,247217,keep,1,False,
P000275,old,329e4391e8e04d7ea29c35f2091439a0,251386,251463,251386,251463,keep,1,False,
P000275,old,bdbb7ca7cbb244bd8aa04aebde10c32d,252298,252375,252298,252375,keep,1,False,
P000275,old,f706ef2f2a864681bdc49af2d07fd2e6,253215,253321,253215,253321,keep,1,False,
P000275,old,2377057b389f4442bd617a2807c7920a,256979,257039,256979,257039,keep,1,False,
P000275,old,c26652e04046406aaf5dffa8c5805f03,257542,257616,257542,257616,keep,1,False,
P000275,old,e195a4bb3a9c45398753efa669c89814,257923,258008,257923,258008,keep,1,False,
P000275,old,df0a3b73ba2d4e64ac3aee015285891c,258426,258493,258426,258493,keep,1,False,
P000275,old,e45d8b59f5704204832394848ec51992,259010,259096,259010,259096,keep,1,False,
P000275,old,dca61c0b17f7447a9256b3bb40342f5e,262249,262336,262249,262336,keep,1,False,
P000275,old,e25aead87c784ea9ac85c05eff18901f,264551,264634,264551,264634,keep,1,False,
P000275,old,69e767a44e854994a4bc39761fdcb707,267146,267225,267146,267225,keep,1,False,
P000275,old,8203979319ba4098aa1b210fe31e4440,270568,270626,270568,270626,keep,1,False,
P000275,old,d0227f94412f4971968ab17b6a22c9a8,271913,271968,271913,271968,keep,1,False,
P000275,old,18019ce34a414e048f3e51e12b544bec,285069,285127,285069,285127,keep,1,False,
P000275,old,ba902b7604484f31b9936105f9ab614e,288182,288260,288182,288260,keep,1,False,
P000275,old,29b18f37f197416c853db863f7db4cd7,329544,329622,329544,329622,keep,1,False,
P000275,old,053172d841f34ebdbc3bd0cbb02d9458,470022,470078,470022,470078,keep,1,False,
P000275,old,25f40f6e5edf48dc82643acce2297517,471010,471074,471010,471074,keep,1,False,
P000275,old,5f255456737d4a179cc4bafde8154ffe,471878,471929,471878,471929,keep,1,False,
P000275,old,9c661992c7b2488bb104e15f787c7121,473794,473870,473794,473870,keep,1,False,
P000275,old,c6902f4384ab42338ee0e526ca4252ad,486091,486128,486091,486128,keep,1,False,
P000275,old,7ebc7ebb6f77414b936be86a819a7145,487690,487727,487690,487727,keep,1,False,
P000275,old,d5dba37a886a47f2879c5c3d33214bcd,492246,492300,492246,492300,keep,1,False,
P000275,old,f8fc87245384490189b555fba2e613df,499046,499128,499046,499128,keep,1,False,
P000275,old,0bbaa1a490404d75a7c50f4fbb86c64b,512281,512358,512281,512358,keep,1,False,
P000275,old,59599da1fc0146a2b125d05d38779645,536780,536843,536780,536843,keep,1,False,
P000275,old,7f7c80c7ad454460a90befc3e5daabf2,571343,571421,571343,571421,keep,1,False,
P000275,old,2f21d6a496784713ad02bc2779879cd1,579451,579467,579451,579467,keep,1,False,
